state,incidentType,year_month,disaster_count,date
AK,Biological,2020-01,59,2020-01-01
AK,Coastal Storm,2015-08,1,2015-08-01
AK,Coastal Storm,2017-12,1,2017-12-01
AK,Earthquake,2002-11,6,2002-11-01
AK,Earthquake,2018-11,3,2018-11-01
AK,Fire,1996-06,1,1996-06-01
AK,Fire,2006-08,1,2006-08-01
AK,Flood,1986-09,1,1986-09-01
AK,Flood,1986-10,4,1986-10-01
AK,Flood,1989-05,3,1989-05-01
AK,Flood,1995-09,4,1995-09-01
AK,Flood,2002-04,6,2002-04-01
AK,Flood,2006-05,3,2006-05-01
AK,Flood,2009-04,8,2009-04-01
AK,Flood,2011-05,1,2011-05-01
AK,Flood,2013-05,5,2013-05-01
AK,Flood,2013-10,1,2013-10-01
AK,Flood,2018-05,1,2018-05-01
AK,Flood,2022-05,3,2022-05-01
AK,Flood,2023-05,10,2023-05-01
AK,Flood,2024-08,1,2024-08-01
AK,Flood,2025-10,10,2025-10-01
AK,Freezing,1974-06,1,1974-06-01
AK,Freezing,1989-01,10,1989-01-01
AK,Mud/Landslide,2020-11,5,2020-11-01
AK,Mud/Landslide,2022-05,1,2022-05-01
AK,Mud/Landslide,2023-11,3,2023-11-01
AK,Mud/Landslide,2024-08,1,2024-08-01
AK,Severe Storm,1994-08,2,1994-08-01
AK,Severe Storm,1999-12,14,1999-12-01
AK,Severe Storm,2002-10,2,2002-10-01
AK,Severe Storm,2003-03,3,2003-03-01
AK,Severe Storm,2004-10,6,2004-10-01
AK,Severe Storm,2005-01,1,2005-01-01
AK,Severe Storm,2005-09,4,2005-09-01
AK,Severe Storm,2006-08,3,2006-08-01
AK,Severe Storm,2006-10,3,2006-10-01
AK,Severe Storm,2008-07,4,2008-07-01
AK,Severe Storm,2009-10,1,2009-10-01
AK,Severe Storm,2011-11,6,2011-11-01
AK,Severe Storm,2012-09,5,2012-09-01
AK,Severe Storm,2013-11,4,2013-11-01
AK,Severe Storm,2015-12,1,2015-12-01
AK,Severe Storm,2017-09,1,2017-09-01
AK,Severe Storm,2021-10,1,2021-10-01
AK,Severe Storm,2021-12,3,2021-12-01
AK,Severe Storm,2022-01,1,2022-01-01
AK,Severe Storm,2022-09,5,2022-09-01
AK,Severe Storm,2024-10,2,2024-10-01
AK,Snowstorm,1991-04,3,1991-04-01
AL,Biological,2020-01,67,2020-01-01
AL,Flood,1973-05,12,1973-05-01
AL,Flood,1975-03,23,1975-03-01
AL,Flood,1975-04,8,1975-04-01
AL,Flood,1977-04,9,1977-04-01
AL,Flood,1978-08,1,1978-08-01
AL,Flood,1979-04,28,1979-04-01
AL,Flood,1981-05,1,1981-05-01
AL,Flood,1990-12,12,1990-12-01
AL,Hurricane,1969-11,2,1969-11-01
AL,Hurricane,1979-09,11,1979-09-01
AL,Hurricane,1985-08,2,1985-08-01
AL,Hurricane,1995-10,38,1995-10-01
AL,Hurricane,1998-09,14,1998-09-01
AL,Hurricane,2002-09,2,2002-09-01
AL,Hurricane,2004-09,67,2004-09-01
AL,Hurricane,2005-07,46,2005-07-01
AL,Hurricane,2005-08,22,2005-08-01
AL,Hurricane,2008-08,2,2008-08-01
AL,Hurricane,2009-11,2,2009-11-01
AL,Hurricane,2012-08,8,2012-08-01
AL,Hurricane,2017-10,8,2017-10-01
AL,Hurricane,2018-10,5,2018-10-01
AL,Hurricane,2020-09,14,2020-09-01
AL,Hurricane,2020-10,21,2020-10-01
AL,Severe Storm,1970-04,2,1970-04-01
AL,Severe Storm,1975-10,15,1975-10-01
AL,Severe Storm,1980-04,2,1980-04-01
AL,Severe Storm,1981-04,1,1981-04-01
AL,Severe Storm,1983-12,4,1983-12-01
AL,Severe Storm,1990-02,27,1990-02-01
AL,Severe Storm,1990-03,33,1990-03-01
AL,Severe Storm,1994-01,10,1994-01-01
AL,Severe Storm,1994-03,7,1994-03-01
AL,Severe Storm,1994-07,10,1994-07-01
AL,Severe Storm,1995-02,5,1995-02-01
AL,Severe Storm,1996-02,14,1996-02-01
AL,Severe Storm,1996-03,3,1996-03-01
AL,Severe Storm,1997-07,3,1997-07-01
AL,Severe Storm,1998-03,12,1998-03-01
AL,Severe Storm,1998-04,6,1998-04-01
AL,Severe Storm,1998-12,12,1998-12-01
AL,Severe Storm,2000-01,3,2000-01-01
AL,Severe Storm,2000-03,2,2000-03-01
AL,Severe Storm,2000-12,11,2000-12-01
AL,Severe Storm,2001-02,6,2001-02-01
AL,Severe Storm,2001-11,19,2001-11-01
AL,Severe Storm,2002-11,29,2002-11-01
AL,Severe Storm,2003-05,38,2003-05-01
AL,Severe Storm,2007-03,8,2007-03-01
AL,Severe Storm,2008-09,2,2008-09-01
AL,Severe Storm,2009-03,21,2009-03-01
AL,Severe Storm,2009-04,6,2009-04-01
AL,Severe Storm,2009-05,4,2009-05-01
AL,Severe Storm,2009-12,14,2009-12-01
AL,Severe Storm,2010-04,3,2010-04-01
AL,Severe Storm,2011-04,67,2011-04-01
AL,Severe Storm,2012-01,3,2012-01-01
AL,Severe Storm,2014-04,21,2014-04-01
AL,Severe Storm,2015-12,39,2015-12-01
AL,Severe Storm,2018-03,4,2018-03-01
AL,Severe Storm,2019-02,12,2019-02-01
AL,Severe Storm,2020-02,19,2020-02-01
AL,Severe Storm,2020-04,17,2020-04-01
AL,Severe Storm,2021-03,8,2021-03-01
AL,Severe Storm,2021-10,2,2021-10-01
AL,Severe Storm,2023-01,13,2023-01-01
AL,Severe Storm,2023-03,10,2023-03-01
AL,Tornado,1973-03,28,1973-03-01
AL,Tornado,1974-04,20,1974-04-01
AL,Tornado,1989-11,2,1989-11-01
AL,Tornado,2019-03,1,2019-03-01
AR,Biological,2020-01,75,2020-01-01
AR,Flood,1969-02,36,1969-02-01
AR,Flood,1972-01,27,1972-01-01
AR,Flood,1973-04,43,1973-04-01
AR,Flood,1973-05,5,1973-05-01
AR,Flood,1974-05,1,1974-05-01
AR,Flood,1974-06,8,1974-06-01
AR,Flood,1975-06,7,1975-06-01
AR,Flood,1978-09,2,1978-09-01
AR,Flood,1983-07,5,1983-07-01
AR,Flood,1987-12,11,1987-12-01
AR,Flood,1990-05,37,1990-05-01
AR,Flood,1991-04,21,1991-04-01
AR,Flood,1997-04,28,1997-04-01
AR,Flood,2019-05,17,2019-05-01
AR,Flood,2019-06,3,2019-06-01
AR,Flood,2025-04,41,2025-04-01
AR,Hurricane,2008-09,18,2008-09-01
AR,Severe Ice Storm,2000-12,67,2000-12-01
AR,Severe Ice Storm,2002-12,18,2002-12-01
AR,Severe Ice Storm,2012-12,8,2012-12-01
AR,Severe Ice Storm,2013-12,14,2013-12-01
AR,Severe Storm,1982-12,38,1982-12-01
AR,Severe Storm,1992-06,5,1992-06-01
AR,Severe Storm,1996-04,6,1996-04-01
AR,Severe Storm,1997-03,25,1997-03-01
AR,Severe Storm,1999-01,22,1999-01-01
AR,Severe Storm,2001-02,22,2001-02-01
AR,Severe Storm,2001-12,20,2001-12-01
AR,Severe Storm,2003-05,23,2003-05-01
AR,Severe Storm,2004-04,14,2004-04-01
AR,Severe Storm,2004-05,14,2004-05-01
AR,Severe Storm,2006-04,7,2006-04-01
AR,Severe Storm,2008-02,12,2008-02-01
AR,Severe Storm,2008-03,59,2008-03-01
AR,Severe Storm,2008-05,12,2008-05-01
AR,Severe Storm,2008-09,20,2008-09-01
AR,Severe Storm,2009-01,30,2009-01-01
AR,Severe Storm,2009-04,38,2009-04-01
AR,Severe Storm,2009-10,38,2009-10-01
AR,Severe Storm,2009-12,25,2009-12-01
AR,Severe Storm,2011-04,60,2011-04-01
AR,Severe Storm,2011-05,3,2011-05-01
AR,Severe Storm,2013-05,11,2013-05-01
AR,Severe Storm,2013-08,6,2013-08-01
AR,Severe Storm,2014-04,12,2014-04-01
AR,Severe Storm,2015-05,29,2015-05-01
AR,Severe Storm,2015-12,38,2015-12-01
AR,Severe Storm,2016-03,12,2016-03-01
AR,Severe Storm,2017-04,32,2017-04-01
AR,Severe Storm,2023-03,3,2023-03-01
AR,Severe Storm,2023-06,4,2023-06-01
AR,Severe Storm,2024-05,11,2024-05-01
AR,Severe Storm,2025-03,9,2025-03-01
AR,Snowstorm,1994-02,17,1994-02-01
AR,Tornado,1968-05,28,1968-05-01
AR,Tornado,1975-04,1,1975-04-01
AR,Tornado,1976-04,4,1976-04-01
AR,Tornado,1979-04,8,1979-04-01
AR,Tornado,1980-04,5,1980-04-01
AR,Tornado,1987-12,1,1987-12-01
AR,Tornado,1988-11,24,1988-11-01
AR,Tornado,2009-04,5,2009-04-01
AR,Tornado,2020-03,1,2020-03-01
AR,Tornado,2020-04,12,2020-04-01
AR,Tornado,2021-12,5,2021-12-01
AR,Winter Storm,2023-01,13,2023-01-01
AS,Biological,2020-01,5,2020-01-01
AS,Drought,1974-09,5,1974-09-01
AS,Earthquake,2009-09,5,2009-09-01
AS,Flood,1979-11,5,1979-11-01
AS,Hurricane,1987-01,5,1987-01-01
AS,Hurricane,1990-02,5,1990-02-01
AS,Hurricane,1991-12,5,1991-12-01
AS,Hurricane,2018-02,5,2018-02-01
AS,Severe Storm,2003-05,2,2003-05-01
AS,Severe Storm,2014-07,5,2014-07-01
AS,Typhoon,1966-02,5,1966-02-01
AS,Typhoon,1981-03,5,1981-03-01
AS,Typhoon,2004-01,3,2004-01-01
AS,Typhoon,2005-02,5,2005-02-01
AZ,Biological,2020-01,15,2020-01-01
AZ,Fire,2002-06,4,2002-06-01
AZ,Fire,2003-06,1,2003-06-01
AZ,Flood,1966-04,5,1966-04-01
AZ,Flood,1970-09,6,1970-09-01
AZ,Flood,1972-07,3,1972-07-01
AZ,Flood,1972-10,2,1972-10-01
AZ,Flood,1977-11,3,1977-11-01
AZ,Flood,1978-03,10,1978-03-01
AZ,Flood,1978-12,6,1978-12-01
AZ,Flood,1980-02,5,1980-02-01
AZ,Flood,1983-06,3,1983-06-01
AZ,Flood,1983-09,11,1983-09-01
AZ,Flood,1990-07,8,1990-07-01
AZ,Flood,1993-01,13,1993-01-01
AZ,Flood,2014-09,2,2014-09-01
AZ,Flood,2021-07,3,2021-07-01
AZ,Severe Storm,1985-01,2,1985-01-01
AZ,Severe Storm,1999-09,2,1999-09-01
AZ,Severe Storm,2000-10,6,2000-10-01
AZ,Severe Storm,2004-12,6,2004-12-01
AZ,Severe Storm,2005-02,7,2005-02-01
AZ,Severe Storm,2006-07,6,2006-07-01
AZ,Severe Storm,2010-01,8,2010-01-01
AZ,Severe Storm,2010-07,1,2010-07-01
CA,Biological,2020-01,58,2020-01-01
CA,Coastal Storm,1983-01,40,1983-01-01
CA,Dam/Levee Break,2004-06,1,2004-06-01
CA,Earthquake,1971-02,1,1971-02-01
CA,Earthquake,1979-10,1,1979-10-01
CA,Earthquake,1983-05,1,1983-05-01
CA,Earthquake,1987-10,2,1987-10-01
CA,Earthquake,1989-10,12,1989-10-01
CA,Earthquake,1992-04,1,1992-04-01
CA,Earthquake,1992-06,2,1992-06-01
CA,Earthquake,1994-01,3,1994-01-01
CA,Earthquake,2000-09,1,2000-09-01
CA,Earthquake,2003-12,2,2003-12-01
CA,Earthquake,2010-04,1,2010-04-01
CA,Earthquake,2014-08,2,2014-08-01
CA,Fire,1970-09,6,1970-09-01
CA,Fire,1980-11,4,1980-11-01
CA,Fire,1982-04,1,1982-04-01
CA,Fire,1985-06,6,1985-06-01
CA,Fire,1988-09,4,1988-09-01
CA,Fire,1990-06,4,1990-06-01
CA,Fire,1991-10,1,1991-10-01
CA,Fire,1992-04,1,1992-04-01
CA,Fire,1992-08,2,1992-08-01
CA,Fire,1993-10,6,1993-10-01
CA,Fire,2003-10,5,2003-10-01
CA,Fire,2007-10,7,2007-10-01
CA,Fire,2008-11,4,2008-11-01
CA,Fire,2013-08,1,2013-08-01
CA,Fire,2015-09,2,2015-09-01
CA,Fire,2017-10,9,2017-10-01
CA,Fire,2017-12,4,2017-12-01
CA,Fire,2018-07,2,2018-07-01
CA,Fire,2018-11,3,2018-11-01
CA,Fire,2020-08,20,2020-08-01
CA,Fire,2020-09,12,2020-09-01
CA,Fire,2021-07,6,2021-07-01
CA,Fire,2021-08,2,2021-08-01
CA,Fire,2025-01,1,2025-01-01
CA,Fishing Losses,1994-05,4,1994-05-01
CA,Flood,1964-12,31,1964-12-01
CA,Flood,1965-12,4,1965-12-01
CA,Flood,1966-01,1,1966-01-01
CA,Flood,1967-01,8,1967-01-01
CA,Flood,1969-01,37,1969-01-01
CA,Flood,1969-08,1,1969-08-01
CA,Flood,1970-02,17,1970-02-01
CA,Flood,1972-01,1,1972-01-01
CA,Flood,1972-04,2,1972-04-01
CA,Flood,1972-06,1,1972-06-01
CA,Flood,1973-02,6,1973-02-01
CA,Flood,1974-01,7,1974-01-01
CA,Flood,1974-05,1,1974-05-01
CA,Flood,1976-09,3,1976-09-01
CA,Flood,1978-02,14,1978-02-01
CA,Flood,1978-10,1,1978-10-01
CA,Flood,1979-07,1,1979-07-01
CA,Flood,1980-01,8,1980-01-01
CA,Flood,1980-10,1,1980-10-01
CA,Flood,1981-12,10,1981-12-01
CA,Flood,1982-08,1,1982-08-01
CA,Flood,1983-06,3,1983-06-01
CA,Flood,1983-08,2,1983-08-01
CA,Flood,1986-02,39,1986-02-01
CA,Flood,1988-01,5,1988-01-01
CA,Flood,1992-02,5,1992-02-01
CA,Flood,1993-01,27,1993-01-01
CA,Flood,2010-12,10,2010-12-01
CA,Flood,2017-01,22,2017-01-01
CA,Flood,2017-02,43,2017-02-01
CA,Flood,2022-12,44,2022-12-01
CA,Flood,2024-01,1,2024-01-01
CA,Freezing,1990-12,33,1990-12-01
CA,Freezing,1998-12,8,1998-12-01
CA,Freezing,2007-01,16,2007-01-01
CA,Hurricane,2023-08,5,2023-08-01
CA,Severe Storm,1995-01,42,1995-01-01
CA,Severe Storm,1995-02,57,1995-02-01
CA,Severe Storm,1996-12,48,1996-12-01
CA,Severe Storm,1998-02,41,1998-02-01
CA,Severe Storm,2004-12,8,2004-12-01
CA,Severe Storm,2005-02,7,2005-02-01
CA,Severe Storm,2005-12,31,2005-12-01
CA,Severe Storm,2006-03,17,2006-03-01
CA,Severe Storm,2010-01,6,2010-01-01
CA,Severe Storm,2017-01,34,2017-01-01
CA,Severe Storm,2019-02,29,2019-02-01
CA,Severe Storm,2023-02,46,2023-02-01
CA,Severe Storm,2024-01,9,2024-01-01
CA,Tsunami,2011-03,3,2011-03-01
CO,Biological,2020-01,64,2020-01-01
CO,Dam/Levee Break,1973-05,1,1973-05-01
CO,Fire,2002-04,58,2002-04-01
CO,Fire,2012-06,3,2012-06-01
CO,Fire,2013-06,2,2013-06-01
CO,Fire,2020-09,2,2020-09-01
CO,Fire,2021-12,1,2021-12-01
CO,Flood,1969-05,15,1969-05-01
CO,Flood,1970-09,16,1970-09-01
CO,Flood,1973-05,16,1973-05-01
CO,Flood,1973-07,16,1973-07-01
CO,Flood,1976-08,4,1976-08-01
CO,Flood,1982-07,1,1982-07-01
CO,Flood,1984-07,15,1984-07-01
CO,Flood,1997-07,13,1997-07-01
CO,Flood,2013-09,18,2013-09-01
CO,Flood,2015-05,15,2015-05-01
CO,Flood,2023-06,14,2023-06-01
CO,Severe Storm,1999-04,12,1999-04-01
CO,Severe Storm,2001-04,14,2001-04-01
CO,Severe Storm,2008-05,2,2008-05-01
CO,Tornado,1965-06,27,1965-06-01
CT,Biological,2020-01,8,2020-01-01
CT,Flood,1982-06,8,1982-06-01
CT,Flood,1984-05,6,1984-05-01
CT,Flood,1992-12,3,1992-12-01
CT,Hurricane,1985-09,8,1985-09-01
CT,Hurricane,1991-08,6,1991-08-01
CT,Hurricane,1999-09,3,1999-09-01
CT,Hurricane,2011-08,8,2011-08-01
CT,Hurricane,2012-10,7,2012-10-01
CT,Hurricane,2020-08,8,2020-08-01
CT,Hurricane,2021-09,5,2021-09-01
CT,Severe Storm,2005-10,5,2005-10-01
CT,Severe Storm,2007-04,7,2007-04-01
CT,Severe Storm,2010-03,5,2010-03-01
CT,Severe Storm,2011-10,7,2011-10-01
CT,Severe Storm,2013-02,8,2013-02-01
CT,Severe Storm,2015-01,4,2015-01-01
CT,Severe Storm,2018-09,2,2018-09-01
CT,Severe Storm,2024-08,3,2024-08-01
CT,Snowstorm,1996-01,8,1996-01-01
CT,Snowstorm,2011-01,6,2011-01-01
CT,Tornado,1979-10,1,1979-10-01
CT,Tornado,1989-07,2,1989-07-01
CT,Tornado,2018-05,2,2018-05-01
DC,Biological,2020-01,1,2020-01-01
DC,Earthquake,2011-08,1,2011-08-01
DC,Hurricane,2003-09,1,2003-09-01
DC,Hurricane,2011-08,1,2011-08-01
DC,Hurricane,2012-10,1,2012-10-01
DC,Severe Storm,1989-06,1,1989-06-01
DC,Severe Storm,1994-01,1,1994-01-01
DC,Severe Storm,2000-01,1,2000-01-01
DC,Severe Storm,2000-08,1,2000-08-01
DC,Severe Storm,2001-08,1,2001-08-01
DC,Severe Storm,2010-02,1,2010-02-01
DC,Severe Storm,2012-06,1,2012-06-01
DC,Snowstorm,2009-12,1,2009-12-01
DC,Snowstorm,2016-01,1,2016-01-01
DE,Biological,2020-01,3,2020-01-01
DE,Coastal Storm,1992-12,1,1992-12-01
DE,Drought,1965-08,3,1965-08-01
DE,Flood,1992-01,2,1992-01-01
DE,Hurricane,1999-09,1,1999-09-01
DE,Hurricane,2003-09,4,2003-09-01
DE,Hurricane,2011-08,2,2011-08-01
DE,Hurricane,2012-10,3,2012-10-01
DE,Hurricane,2020-08,2,2020-08-01
DE,Hurricane,2021-09,1,2021-09-01
DE,Severe Storm,1994-02,2,1994-02-01
DE,Severe Storm,1998-01,1,1998-01-01
DE,Severe Storm,2004-09,1,2004-09-01
DE,Severe Storm,2006-06,1,2006-06-01
DE,Snowstorm,1996-01,3,1996-01-01
DE,Snowstorm,2010-02,3,2010-02-01
DE,Snowstorm,2016-01,1,2016-01-01
FL,Biological,2020-01,67,2020-01-01
FL,Coastal Storm,1972-06,14,1972-06-01
FL,Coastal Storm,2001-09,11,2001-09-01
FL,Fire,1998-05,67,1998-05-01
FL,Flood,1970-07,3,1970-07-01
FL,Flood,1973-05,13,1973-05-01
FL,Flood,1975-08,8,1975-08-01
FL,Flood,1975-09,6,1975-09-01
FL,Flood,1979-09,3,1979-09-01
FL,Flood,1982-07,4,1982-07-01
FL,Flood,1990-03,11,1990-03-01
FL,Flood,1992-06,4,1992-06-01
FL,Flood,1995-10,3,1995-10-01
FL,Flood,2023-04,1,2023-04-01
FL,Freezing,1971-03,6,1971-03-01
FL,Freezing,1977-01,35,1977-01-01
FL,Freezing,1983-12,5,1983-12-01
FL,Freezing,1985-03,20,1985-03-01
FL,Freezing,1989-12,32,1989-12-01
FL,Freezing,2000-12,49,2000-12-01
FL,Hurricane,1965-09,10,1965-09-01
FL,Hurricane,1968-11,14,1968-11-01
FL,Hurricane,1979-09,5,1979-09-01
FL,Hurricane,1985-08,7,1985-08-01
FL,Hurricane,1985-11,8,1985-11-01
FL,Hurricane,1992-08,4,1992-08-01
FL,Hurricane,1995-08,6,1995-08-01
FL,Hurricane,1995-10,15,1995-10-01
FL,Hurricane,1998-09,23,1998-09-01
FL,Hurricane,1999-09,12,1999-09-01
FL,Hurricane,1999-10,19,1999-10-01
FL,Hurricane,2004-08,67,2004-08-01
FL,Hurricane,2004-09,165,2004-09-01
FL,Hurricane,2005-07,20,2005-07-01
FL,Hurricane,2005-08,11,2005-08-01
FL,Hurricane,2005-10,20,2005-10-01
FL,Hurricane,2008-08,6,2008-08-01
FL,Hurricane,2012-08,12,2012-08-01
FL,Hurricane,2016-08,26,2016-08-01
FL,Hurricane,2016-10,18,2016-10-01
FL,Hurricane,2017-09,67,2017-09-01
FL,Hurricane,2018-10,18,2018-10-01
FL,Hurricane,2019-08,14,2019-08-01
FL,Hurricane,2020-09,14,2020-09-01
FL,Hurricane,2022-09,67,2022-09-01
FL,Hurricane,2022-11,61,2022-11-01
FL,Hurricane,2023-08,49,2023-08-01
FL,Hurricane,2024-09,47,2024-09-01
FL,Hurricane,2024-10,51,2024-10-01
FL,Severe Storm,1979-05,4,1979-05-01
FL,Severe Storm,1992-10,7,1992-10-01
FL,Severe Storm,1994-07,12,1994-07-01
FL,Severe Storm,1994-11,2,1994-11-01
FL,Severe Storm,1996-10,16,1996-10-01
FL,Severe Storm,1997-12,55,1997-12-01
FL,Severe Storm,1998-02,3,1998-02-01
FL,Severe Storm,1998-11,2,1998-11-01
FL,Severe Storm,2000-09,9,2000-09-01
FL,Severe Storm,2000-10,4,2000-10-01
FL,Severe Storm,2001-06,9,2001-06-01
FL,Severe Storm,2003-03,1,2003-03-01
FL,Severe Storm,2003-06,11,2003-06-01
FL,Severe Storm,2006-12,1,2006-12-01
FL,Severe Storm,2007-02,4,2007-02-01
FL,Severe Storm,2008-08,44,2008-08-01
FL,Severe Storm,2009-03,23,2009-03-01
FL,Severe Storm,2009-05,5,2009-05-01
FL,Severe Storm,2012-06,34,2012-06-01
FL,Severe Storm,2013-07,4,2013-07-01
FL,Severe Storm,2014-04,9,2014-04-01
FL,Severe Storm,2024-05,13,2024-05-01
FL,Tornado,1993-03,38,1993-03-01
FL,Tropical Storm,2024-08,61,2024-08-01
FM,Drought,1998-01,3,1998-01-01
FM,Flood,1979-12,1,1979-12-01
FM,Typhoon,1986-05,1,1986-05-01
FM,Typhoon,1987-01,1,1987-01-01
FM,Typhoon,1987-11,1,1987-11-01
FM,Typhoon,1990-11,2,1990-11-01
FM,Typhoon,1990-12,1,1990-12-01
FM,Typhoon,1991-11,3,1991-11-01
FM,Typhoon,1992-01,3,1992-01-01
FM,Typhoon,1996-12,1,1996-12-01
FM,Typhoon,2002-02,1,2002-02-01
FM,Typhoon,2002-07,2,2002-07-01
FM,Typhoon,2002-12,1,2002-12-01
FM,Typhoon,2003-11,2,2003-11-01
FM,Typhoon,2004-04,1,2004-04-01
GA,Biological,2020-01,159,2020-01-01
GA,Flood,1966-03,23,1966-03-01
GA,Flood,1976-06,8,1976-06-01
GA,Flood,1977-11,1,1977-11-01
GA,Flood,1990-10,9,1990-10-01
GA,Flood,1991-03,15,1991-03-01
GA,Freezing,1977-06,6,1977-06-01
GA,Hurricane,1995-10,50,1995-10-01
GA,Hurricane,2004-09,111,2004-09-01
GA,Hurricane,2016-10,20,2016-10-01
GA,Hurricane,2017-09,159,2017-09-01
GA,Hurricane,2018-10,69,2018-10-01
GA,Hurricane,2020-10,21,2020-10-01
GA,Hurricane,2023-08,32,2023-08-01
GA,Hurricane,2024-09,94,2024-09-01
GA,Severe Ice Storm,2014-02,45,2014-02-01
GA,Severe Ice Storm,2015-02,16,2015-02-01
GA,Severe Storm,1990-02,38,1990-02-01
GA,Severe Storm,1994-10,13,1994-10-01
GA,Severe Storm,1995-11,1,1995-11-01
GA,Severe Storm,1998-02,119,1998-02-01
GA,Severe Storm,1999-04,2,1999-04-01
GA,Severe Storm,2000-01,51,2000-01-01
GA,Severe Storm,2000-02,6,2000-02-01
GA,Severe Storm,2007-03,16,2007-03-01
GA,Severe Storm,2008-03,7,2008-03-01
GA,Severe Storm,2008-05,14,2008-05-01
GA,Severe Storm,2009-03,47,2009-03-01
GA,Severe Storm,2009-09,23,2009-09-01
GA,Severe Storm,2011-04,26,2011-04-01
GA,Severe Storm,2015-12,34,2015-12-01
GA,Severe Storm,2017-01,7,2017-01-01
GA,Severe Storm,2021-03,9,2021-03-01
GA,Severe Storm,2023-01,9,2023-01-01
GA,Tornado,1973-04,14,1973-04-01
GA,Tornado,1973-06,1,1973-06-01
GA,Tornado,1974-04,20,1974-04-01
GA,Tornado,1975-03,1,1975-03-01
GA,Tornado,1992-11,14,1992-11-01
GA,Tornado,1993-02,8,1993-02-01
GA,Tornado,1994-03,12,1994-03-01
GA,Tornado,1994-07,55,1994-07-01
GA,Tornado,2017-01,23,2017-01-01
GA,Tropical Storm,2024-08,35,2024-08-01
GU,Biological,2020-01,1,2020-01-01
GU,Earthquake,2001-10,1,2001-10-01
GU,Hurricane,2023-05,1,2023-05-01
GU,Severe Storm,2004-06,1,2004-06-01
GU,Severe Storm,2014-07,1,2014-07-01
GU,Typhoon,1976-05,1,1976-05-01
GU,Typhoon,1988-01,1,1988-01-01
GU,Typhoon,1990-12,1,1990-12-01
GU,Typhoon,1991-11,1,1991-11-01
GU,Typhoon,1992-08,1,1992-08-01
GU,Typhoon,1997-12,1,1997-12-01
GU,Typhoon,2002-07,1,2002-07-01
GU,Typhoon,2002-12,1,2002-12-01
GU,Typhoon,2015-05,1,2015-05-01
GU,Typhoon,2018-09,1,2018-09-01
GU,Typhoon,2019-02,1,2019-02-01
HI,Biological,2020-01,5,2020-01-01
HI,Earthquake,1973-05,1,1973-05-01
HI,Earthquake,1975-12,1,1975-12-01
HI,Earthquake,2006-10,4,2006-10-01
HI,Fire,2023-08,2,2023-08-01
HI,Flood,1968-09,1,1968-09-01
HI,Flood,1974-05,2,1974-05-01
HI,Flood,1979-03,1,1979-03-01
HI,Flood,1980-02,1,1980-02-01
HI,Flood,1982-04,1,1982-04-01
HI,Flood,1987-11,1,1987-11-01
HI,Flood,1996-11,1,1996-11-01
HI,Flood,2008-12,2,2008-12-01
HI,Flood,2018-04,2,2018-04-01
HI,Flood,2021-03,1,2021-03-01
HI,Flood,2024-04,1,2024-04-01
HI,Hurricane,1992-09,6,1992-09-01
HI,Hurricane,2018-08,3,2018-08-01
HI,Mud/Landslide,2016-09,1,2016-09-01
HI,Severe Storm,2000-10,2,2000-10-01
HI,Severe Storm,2004-10,1,2004-10-01
HI,Severe Storm,2006-02,2,2006-02-01
HI,Severe Storm,2007-12,3,2007-12-01
HI,Severe Storm,2012-03,2,2012-03-01
HI,Severe Storm,2014-08,2,2014-08-01
HI,Severe Storm,2020-03,1,2020-03-01
HI,Severe Storm,2021-12,2,2021-12-01
HI,Tsunami,2011-03,3,2011-03-01
HI,Typhoon,1982-11,2,1982-11-01
HI,Volcanic Eruption,1983-01,1,1983-01-01
HI,Volcanic Eruption,2014-09,1,2014-09-01
HI,Volcanic Eruption,2018-05,1,2018-05-01
IA,Biological,2020-01,99,2020-01-01
IA,Flood,1965-04,68,1965-04-01
IA,Flood,1968-08,12,1968-08-01
IA,Flood,1969-04,40,1969-04-01
IA,Flood,1969-08,47,1969-08-01
IA,Flood,1972-08,4,1972-08-01
IA,Flood,1972-09,17,1972-09-01
IA,Flood,1973-05,26,1973-05-01
IA,Flood,1974-06,39,1974-06-01
IA,Flood,1987-05,4,1987-05-01
IA,Flood,1990-05,39,1990-05-01
IA,Flood,1990-07,17,1990-07-01
IA,Flood,1991-06,16,1991-06-01
IA,Flood,1992-09,9,1992-09-01
IA,Flood,1993-03,15,1993-03-01
IA,Flood,1993-04,99,1993-04-01
IA,Flood,1998-06,83,1998-06-01
IA,Flood,2002-06,21,2002-06-01
IA,Flood,2011-05,6,2011-05-01
IA,Flood,2013-04,20,2013-04-01
IA,Flood,2014-06,26,2014-06-01
IA,Flood,2016-08,8,2016-08-01
IA,Flood,2016-09,19,2016-09-01
IA,Flood,2019-03,80,2019-03-01
IA,Flood,2023-04,7,2023-04-01
IA,Severe Ice Storm,1991-10,44,1991-10-01
IA,Severe Ice Storm,2007-12,30,2007-12-01
IA,Severe Storm,1984-06,5,1984-06-01
IA,Severe Storm,1996-05,16,1996-05-01
IA,Severe Storm,1996-06,15,1996-06-01
IA,Severe Storm,1999-05,17,1999-05-01
IA,Severe Storm,1999-07,21,1999-07-01
IA,Severe Storm,2001-04,23,2001-04-01
IA,Severe Storm,2004-05,77,2004-05-01
IA,Severe Storm,2007-02,48,2007-02-01
IA,Severe Storm,2007-05,19,2007-05-01
IA,Severe Storm,2007-08,17,2007-08-01
IA,Severe Storm,2008-05,85,2008-05-01
IA,Severe Storm,2009-07,1,2009-07-01
IA,Severe Storm,2009-12,27,2009-12-01
IA,Severe Storm,2010-01,27,2010-01-01
IA,Severe Storm,2010-05,2,2010-05-01
IA,Severe Storm,2010-06,61,2010-06-01
IA,Severe Storm,2011-04,6,2011-04-01
IA,Severe Storm,2011-07,8,2011-07-01
IA,Severe Storm,2013-04,5,2013-04-01
IA,Severe Storm,2013-05,49,2013-05-01
IA,Severe Storm,2013-06,12,2013-06-01
IA,Severe Storm,2014-06,33,2014-06-01
IA,Severe Storm,2015-06,19,2015-06-01
IA,Severe Storm,2017-07,9,2017-07-01
IA,Severe Storm,2018-06,31,2018-06-01
IA,Severe Storm,2018-07,4,2018-07-01
IA,Severe Storm,2020-08,23,2020-08-01
IA,Severe Storm,2021-12,25,2021-12-01
IA,Severe Storm,2024-05,29,2024-05-01
IA,Severe Storm,2024-06,29,2024-06-01
IA,Snowstorm,1997-10,13,1997-10-01
IA,Tornado,1968-05,4,1968-05-01
IA,Tornado,1979-07,8,1979-07-01
IA,Tornado,1988-07,1,1988-07-01
IA,Tornado,2024-04,9,2024-04-01
IA,Winter Storm,2025-03,4,2025-03-01
ID,Biological,2020-01,44,2020-01-01
ID,Earthquake,1983-10,3,1983-10-01
ID,Fire,1967-08,10,1967-08-01
ID,Fire,2000-07,15,2000-07-01
ID,Flood,1964-12,27,1964-12-01
ID,Flood,1972-03,1,1972-03-01
ID,Flood,1974-01,9,1974-01-01
ID,Flood,1976-06,5,1976-06-01
ID,Flood,2005-05,1,2005-05-01
ID,Flood,2008-05,2,2008-05-01
ID,Flood,2011-03,5,2011-03-01
ID,Flood,2017-02,11,2017-02-01
ID,Flood,2017-03,11,2017-03-01
ID,Flood,2017-05,5,2017-05-01
ID,Flood,2019-04,5,2019-04-01
ID,Flood,2024-04,3,2024-04-01
ID,Severe Storm,1996-02,10,1996-02-01
ID,Severe Storm,1996-11,18,1996-11-01
ID,Severe Storm,1997-03,12,1997-03-01
ID,Severe Storm,2005-12,1,2005-12-01
ID,Severe Storm,2010-06,7,2010-06-01
ID,Severe Storm,2015-11,4,2015-11-01
ID,Severe Storm,2015-12,3,2015-12-01
ID,Severe Storm,2021-01,4,2021-01-01
ID,Snowstorm,1984-01,1,1984-01-01
ID,Volcanic Eruption,1980-05,8,1980-05-01
IL,Biological,2020-01,102,2020-01-01
IL,Flood,1969-06,10,1969-06-01
IL,Flood,1969-08,15,1969-08-01
IL,Flood,1972-09,3,1972-09-01
IL,Flood,1973-04,52,1973-04-01
IL,Flood,1974-06,46,1974-06-01
IL,Flood,1979-04,29,1979-04-01
IL,Flood,1985-02,23,1985-02-01
IL,Flood,1986-09,8,1986-09-01
IL,Flood,1987-08,3,1987-08-01
IL,Flood,1992-04,1,1992-04-01
IL,Flood,1993-04,39,1993-04-01
IL,Flood,2001-04,10,2001-04-01
IL,Flood,2013-04,47,2013-04-01
IL,Flood,2019-02,28,2019-02-01
IL,Flood,2022-07,1,2022-07-01
IL,Flood,2023-09,1,2023-09-01
IL,Flood,2024-07,7,2024-07-01
IL,Severe Ice Storm,1990-02,10,1990-02-01
IL,Severe Ice Storm,2006-11,18,2006-11-01
IL,Severe Storm,1976-06,2,1976-06-01
IL,Severe Storm,1981-06,4,1981-06-01
IL,Severe Storm,1982-12,23,1982-12-01
IL,Severe Storm,1983-06,14,1983-06-01
IL,Severe Storm,1990-05,16,1990-05-01
IL,Severe Storm,1994-04,16,1994-04-01
IL,Severe Storm,1995-05,19,1995-05-01
IL,Severe Storm,1996-04,33,1996-04-01
IL,Severe Storm,1996-07,11,1996-07-01
IL,Severe Storm,1997-03,6,1997-03-01
IL,Severe Storm,1997-08,1,1997-08-01
IL,Severe Storm,1999-05,1,1999-05-01
IL,Severe Storm,2003-05,16,2003-05-01
IL,Severe Storm,2004-04,4,2004-04-01
IL,Severe Storm,2006-03,6,2006-03-01
IL,Severe Storm,2007-08,11,2007-08-01
IL,Severe Storm,2008-01,2,2008-01-01
IL,Severe Storm,2008-06,25,2008-06-01
IL,Severe Storm,2008-09,16,2008-09-01
IL,Severe Storm,2009-01,9,2009-01-01
IL,Severe Storm,2009-05,8,2009-05-01
IL,Severe Storm,2010-07,11,2010-07-01
IL,Severe Storm,2011-04,21,2011-04-01
IL,Severe Storm,2023-06,22,2023-06-01
IL,Snowstorm,2011-01,65,2011-01-01
IL,Tornado,1965-04,10,1965-04-01
IL,Tornado,1967-04,9,1967-04-01
IL,Tornado,1968-06,8,1968-06-01
IL,Tornado,1974-04,4,1974-04-01
IL,Tornado,1975-07,1,1975-07-01
IL,Tornado,1982-06,2,1982-06-01
IL,Tornado,1989-01,5,1989-01-01
IL,Tornado,1990-08,3,1990-08-01
IL,Tornado,2002-04,68,2002-04-01
IL,Tornado,2013-11,15,2013-11-01
IN,Biological,2020-01,92,2020-01-01
IN,Flood,1959-01,1,1959-01-01
IN,Flood,1968-07,12,1968-07-01
IN,Flood,1978-03,2,1978-03-01
IN,Flood,1979-07,18,1979-07-01
IN,Flood,1982-03,5,1982-03-01
IN,Flood,1990-11,1,1990-11-01
IN,Flood,1990-12,73,1990-12-01
IN,Flood,1992-08,6,1992-08-01
IN,Flood,1996-01,56,1996-01-01
IN,Flood,2018-02,31,2018-02-01
IN,Flood,2025-03,25,2025-03-01
IN,Severe Ice Storm,1991-03,26,1991-03-01
IN,Severe Storm,1990-05,30,1990-05-01
IN,Severe Storm,1992-06,15,1992-06-01
IN,Severe Storm,1993-08,6,1993-08-01
IN,Severe Storm,1996-04,29,1996-04-01
IN,Severe Storm,1997-02,13,1997-02-01
IN,Severe Storm,1998-03,9,1998-03-01
IN,Severe Storm,1998-06,25,1998-06-01
IN,Severe Storm,2002-04,30,2002-04-01
IN,Severe Storm,2002-09,32,2002-09-01
IN,Severe Storm,2003-07,46,2003-07-01
IN,Severe Storm,2003-08,21,2003-08-01
IN,Severe Storm,2004-05,69,2004-05-01
IN,Severe Storm,2004-07,20,2004-07-01
IN,Severe Storm,2005-01,87,2005-01-01
IN,Severe Storm,2006-09,3,2006-09-01
IN,Severe Storm,2007-08,1,2007-08-01
IN,Severe Storm,2008-01,21,2008-01-01
IN,Severe Storm,2008-05,50,2008-05-01
IN,Severe Storm,2008-09,38,2008-09-01
IN,Severe Storm,2009-01,21,2009-01-01
IN,Severe Storm,2009-03,16,2009-03-01
IN,Severe Storm,2011-04,36,2011-04-01
IN,Severe Storm,2012-02,6,2012-02-01
IN,Severe Storm,2014-01,30,2014-01-01
IN,Severe Storm,2023-03,13,2023-03-01
IN,Tornado,1965-04,17,1965-04-01
IN,Tornado,1974-04,39,1974-04-01
IN,Tornado,1986-03,1,1986-03-01
IN,Tornado,2005-11,2,2005-11-01
KS,Biological,2020-01,119,2020-01-01
KS,Flood,1965-06,21,1965-06-01
KS,Flood,1973-05,64,1973-05-01
KS,Flood,1974-06,1,1974-06-01
KS,Flood,1976-07,10,1976-07-01
KS,Flood,1977-09,10,1977-09-01
KS,Flood,1979-06,2,1979-06-01
KS,Flood,1986-10,10,1986-10-01
KS,Flood,1993-06,57,1993-06-01
KS,Flood,2011-06,4,2011-06-01
KS,Severe Ice Storm,2002-01,35,2002-01-01
KS,Severe Ice Storm,2017-01,20,2017-01-01
KS,Severe Storm,1973-09,53,1973-09-01
KS,Severe Storm,1981-07,2,1981-07-01
KS,Severe Storm,1984-06,6,1984-06-01
KS,Severe Storm,1998-10,32,1998-10-01
KS,Severe Storm,2000-04,3,2000-04-01
KS,Severe Storm,2001-04,1,2001-04-01
KS,Severe Storm,2003-05,15,2003-05-01
KS,Severe Storm,2004-06,29,2004-06-01
KS,Severe Storm,2004-08,2,2004-08-01
KS,Severe Storm,2005-01,38,2005-01-01
KS,Severe Storm,2005-06,3,2005-06-01
KS,Severe Storm,2005-10,5,2005-10-01
KS,Severe Storm,2005-11,17,2005-11-01
KS,Severe Storm,2006-03,2,2006-03-01
KS,Severe Storm,2006-12,44,2006-12-01
KS,Severe Storm,2007-05,42,2007-05-01
KS,Severe Storm,2007-06,23,2007-06-01
KS,Severe Storm,2007-12,60,2007-12-01
KS,Severe Storm,2008-05,54,2008-05-01
KS,Severe Storm,2008-09,9,2008-09-01
KS,Severe Storm,2009-03,33,2009-03-01
KS,Severe Storm,2009-04,28,2009-04-01
KS,Severe Storm,2009-07,5,2009-07-01
KS,Severe Storm,2009-11,3,2009-11-01
KS,Severe Storm,2009-12,51,2009-12-01
KS,Severe Storm,2010-06,41,2010-06-01
KS,Severe Storm,2011-05,25,2011-05-01
KS,Severe Storm,2012-04,14,2012-04-01
KS,Severe Storm,2013-07,46,2013-07-01
KS,Severe Storm,2015-05,44,2015-05-01
KS,Severe Storm,2016-09,13,2016-09-01
KS,Severe Storm,2017-07,2,2017-07-01
KS,Severe Storm,2018-09,8,2018-09-01
KS,Severe Storm,2018-10,14,2018-10-01
KS,Severe Storm,2019-04,70,2019-04-01
KS,Severe Storm,2021-12,55,2021-12-01
KS,Severe Storm,2023-07,21,2023-07-01
KS,Severe Storm,2024-04,13,2024-04-01
KS,Severe Storm,2024-05,14,2024-05-01
KS,Severe Storm,2024-06,17,2024-06-01
KS,Severe Storm,2025-03,28,2025-03-01
KS,Severe Storm,2025-05,11,2025-05-01
KS,Severe Storm,2025-06,16,2025-06-01
KS,Severe Storm,2025-07,12,2025-07-01
KS,Snowstorm,2013-02,23,2013-02-01
KS,Snowstorm,2017-04,27,2017-04-01
KS,Snowstorm,2022-03,20,2022-03-01
KS,Tornado,1966-06,2,1966-06-01
KS,Tornado,1967-07,27,1967-07-01
KS,Tornado,1969-07,20,1969-07-01
KS,Tornado,1991-04,6,1991-04-01
KS,Tornado,1999-05,3,1999-05-01
KS,Winter Storm,2024-01,17,2024-01-01
KY,Biological,2020-01,120,2020-01-01
KY,Flood,1967-03,18,1967-03-01
KY,Flood,1969-07,11,1969-07-01
KY,Flood,1970-02,12,1970-02-01
KY,Flood,1970-06,13,1970-06-01
KY,Flood,1972-05,10,1972-05-01
KY,Flood,1973-05,5,1973-05-01
KY,Flood,1975-03,17,1975-03-01
KY,Flood,1975-05,4,1975-05-01
KY,Flood,1977-04,15,1977-04-01
KY,Flood,1978-12,37,1978-12-01
KY,Flood,1979-07,1,1979-07-01
KY,Flood,1982-09,1,1982-09-01
KY,Flood,1989-01,67,1989-01-01
KY,Flood,1989-06,12,1989-06-01
KY,Flood,1989-10,11,1989-10-01
KY,Flood,1990-12,19,1990-12-01
KY,Flood,2015-03,59,2015-03-01
KY,Flood,2015-04,29,2015-04-01
KY,Flood,2018-02,57,2018-02-01
KY,Flood,2021-02,50,2021-02-01
KY,Flood,2022-07,20,2022-07-01
KY,Flood,2023-02,22,2023-02-01
KY,Severe Ice Storm,2009-01,103,2009-01-01
KY,Severe Ice Storm,2021-02,45,2021-02-01
KY,Severe Storm,1984-05,28,1984-05-01
KY,Severe Storm,1996-05,4,1996-05-01
KY,Severe Storm,1997-03,101,1997-03-01
KY,Severe Storm,1998-02,40,1998-02-01
KY,Severe Storm,1998-04,21,1998-04-01
KY,Severe Storm,2000-02,16,2000-02-01
KY,Severe Storm,2001-07,20,2001-07-01
KY,Severe Storm,2002-03,37,2002-03-01
KY,Severe Storm,2002-04,39,2002-04-01
KY,Severe Storm,2003-02,52,2003-02-01
KY,Severe Storm,2003-05,44,2003-05-01
KY,Severe Storm,2003-06,23,2003-06-01
KY,Severe Storm,2004-05,78,2004-05-01
KY,Severe Storm,2004-07,27,2004-07-01
KY,Severe Storm,2005-11,2,2005-11-01
KY,Severe Storm,2007-04,9,2007-04-01
KY,Severe Storm,2008-02,23,2008-02-01
KY,Severe Storm,2008-04,15,2008-04-01
KY,Severe Storm,2008-09,35,2008-09-01
KY,Severe Storm,2009-05,24,2009-05-01
KY,Severe Storm,2009-08,2,2009-08-01
KY,Severe Storm,2010-05,83,2010-05-01
KY,Severe Storm,2010-07,8,2010-07-01
KY,Severe Storm,2011-04,79,2011-04-01
KY,Severe Storm,2011-06,7,2011-06-01
KY,Severe Storm,2012-02,23,2012-02-01
KY,Severe Storm,2014-08,4,2014-08-01
KY,Severe Storm,2015-07,34,2015-07-01
KY,Severe Storm,2016-07,20,2016-07-01
KY,Severe Storm,2019-02,61,2019-02-01
KY,Severe Storm,2020-02,27,2020-02-01
KY,Severe Storm,2021-12,13,2021-12-01
KY,Severe Storm,2023-03,88,2023-03-01
KY,Severe Storm,2024-04,11,2024-04-01
KY,Severe Storm,2024-05,58,2024-05-01
KY,Severe Storm,2025-02,69,2025-02-01
KY,Severe Storm,2025-04,91,2025-04-01
KY,Severe Storm,2025-05,39,2025-05-01
KY,Snowstorm,1994-02,68,1994-02-01
KY,Snowstorm,1996-01,120,1996-01-01
KY,Snowstorm,2004-12,30,2004-12-01
KY,Snowstorm,2015-02,41,2015-02-01
KY,Tornado,1968-05,5,1968-05-01
KY,Tornado,1971-05,8,1971-05-01
KY,Tornado,1974-04,34,1974-04-01
KY,Tornado,1995-05,32,1995-05-01
KY,Tornado,2000-01,11,2000-01-01
KY,Tornado,2021-12,23,2021-12-01
KY,Toxic Substances,1981-03,1,1981-03-01
KY,Tropical Storm,2024-09,34,2024-09-01
LA,Biological,2020-01,64,2020-01-01
LA,Coastal Storm,2001-06,27,2001-06-01
LA,Coastal Storm,2011-09,8,2011-09-01
LA,Flood,1973-04,37,1973-04-01
LA,Flood,1974-02,6,1974-02-01
LA,Flood,1977-05,8,1977-05-01
LA,Flood,1978-05,4,1978-05-01
LA,Flood,1978-09,2,1978-09-01
LA,Flood,1979-05,10,1979-05-01
LA,Flood,1979-09,3,1979-09-01
LA,Flood,1980-04,12,1980-04-01
LA,Flood,1980-05,6,1980-05-01
LA,Flood,1983-01,19,1983-01-01
LA,Flood,1983-04,10,1983-04-01
LA,Flood,1984-10,4,1984-10-01
LA,Flood,1989-05,30,1989-05-01
LA,Flood,1989-06,19,1989-06-01
LA,Flood,1989-11,3,1989-11-01
LA,Flood,1991-04,15,1991-04-01
LA,Flood,1993-01,9,1993-01-01
LA,Flood,2011-04,22,2011-04-01
LA,Flood,2015-05,7,2015-05-01
LA,Flood,2016-03,37,2016-03-01
LA,Flood,2016-08,26,2016-08-01
LA,Flood,2019-05,14,2019-05-01
LA,Flood,2021-05,7,2021-05-01
LA,Hurricane,1965-09,35,1965-09-01
LA,Hurricane,1969-08,5,1969-08-01
LA,Hurricane,1971-10,21,1971-10-01
LA,Hurricane,1974-09,10,1974-09-01
LA,Hurricane,1985-10,14,1985-10-01
LA,Hurricane,1992-08,36,1992-08-01
LA,Hurricane,1998-09,22,1998-09-01
LA,Hurricane,2002-09,16,2002-09-01
LA,Hurricane,2002-10,44,2002-10-01
LA,Hurricane,2004-09,29,2004-09-01
LA,Hurricane,2005-08,64,2005-08-01
LA,Hurricane,2005-09,64,2005-09-01
LA,Hurricane,2008-09,93,2008-09-01
LA,Hurricane,2012-08,55,2012-08-01
LA,Hurricane,2017-08,20,2017-08-01
LA,Hurricane,2019-07,26,2019-07-01
LA,Hurricane,2020-08,64,2020-08-01
LA,Hurricane,2020-10,99,2020-10-01
LA,Hurricane,2021-08,64,2021-08-01
LA,Hurricane,2024-09,22,2024-09-01
LA,Severe Ice Storm,2000-12,8,2000-12-01
LA,Severe Ice Storm,2021-02,64,2021-02-01
LA,Severe Storm,1974-11,1,1974-11-01
LA,Severe Storm,1975-06,12,1975-06-01
LA,Severe Storm,1991-04,38,1991-04-01
LA,Severe Storm,1994-02,8,1994-02-01
LA,Severe Storm,1995-05,12,1995-05-01
LA,Severe Storm,1997-01,3,1997-01-01
LA,Severe Storm,1998-12,18,1998-12-01
LA,Severe Storm,1999-04,5,1999-04-01
LA,Severe Storm,2004-05,9,2004-05-01
LA,Severe Storm,2005-07,5,2005-07-01
LA,Severe Storm,2006-10,24,2006-10-01
LA,Severe Storm,2007-02,3,2007-02-01
LA,Severe Storm,2009-10,11,2009-10-01
LA,Severe Storm,2013-01,11,2013-01-01
LA,Severe Storm,2019-04,3,2019-04-01
LA,Snowstorm,2000-01,8,2000-01-01
LA,Tornado,1978-12,2,1978-12-01
LA,Tornado,1987-11,10,1987-11-01
LA,Tornado,1989-06,9,1989-06-01
LA,Tornado,2017-02,2,2017-02-01
LA,Winter Storm,2026-01,9,2026-01-01
MA,Biological,2020-01,15,2020-01-01
MA,Coastal Storm,1991-10,7,1991-10-01
MA,Coastal Storm,1992-12,9,1992-12-01
MA,Fire,1973-10,1,1973-10-01
MA,Fire,1981-12,1,1981-12-01
MA,Fishing Losses,1972-09,8,1972-09-01
MA,Flood,1972-03,4,1972-03-01
MA,Flood,1978-02,8,1978-02-01
MA,Flood,1987-03,8,1987-03-01
MA,Flood,1996-10,5,1996-10-01
MA,Flood,1998-06,7,1998-06-01
MA,Flood,2004-04,5,2004-04-01
MA,Flood,2023-09,2,2023-09-01
MA,Hurricane,1985-09,13,1985-09-01
MA,Hurricane,1991-08,11,1991-08-01
MA,Hurricane,2011-08,9,2011-08-01
MA,Hurricane,2012-10,6,2012-10-01
MA,Severe Ice Storm,2008-12,7,2008-12-01
MA,Severe Storm,2001-03,7,2001-03-01
MA,Severe Storm,2005-10,11,2005-10-01
MA,Severe Storm,2006-05,3,2006-05-01
MA,Severe Storm,2007-04,8,2007-04-01
MA,Severe Storm,2010-03,7,2010-03-01
MA,Severe Storm,2011-10,6,2011-10-01
MA,Severe Storm,2013-02,14,2013-02-01
MA,Severe Storm,2015-01,10,2015-01-01
MA,Severe Storm,2018-03,6,2018-03-01
MA,Snowstorm,1996-01,14,1996-01-01
MA,Snowstorm,2011-01,7,2011-01-01
MA,Snowstorm,2018-03,5,2018-03-01
MA,Snowstorm,2022-01,5,2022-01-01
MA,Tornado,2011-06,2,2011-06-01
MD,Biological,2020-01,24,2020-01-01
MD,Flood,1971-08,9,1971-08-01
MD,Flood,1972-06,21,1972-06-01
MD,Flood,1975-10,14,1975-10-01
MD,Flood,1976-10,2,1976-10-01
MD,Flood,1985-11,1,1985-11-01
MD,Flood,1996-01,6,1996-01-01
MD,Flood,2011-09,7,2011-09-01
MD,Flood,2016-07,1,2016-07-01
MD,Flood,2018-05,2,2018-05-01
MD,Hurricane,1996-09,3,1996-09-01
MD,Hurricane,1999-09,11,1999-09-01
MD,Hurricane,2003-09,24,2003-09-01
MD,Hurricane,2011-08,15,2011-08-01
MD,Hurricane,2012-10,24,2012-10-01
MD,Hurricane,2020-08,3,2020-08-01
MD,Severe Storm,1979-09,5,1979-09-01
MD,Severe Storm,1989-06,1,1989-06-01
MD,Severe Storm,2000-01,15,2000-01-01
MD,Severe Storm,2006-06,3,2006-06-01
MD,Severe Storm,2012-06,6,2012-06-01
MD,Severe Storm,2014-02,3,2014-02-01
MD,Severe Storm,2018-05,2,2018-05-01
MD,Snowstorm,1977-01,16,1977-01-01
MD,Snowstorm,1994-02,9,1994-02-01
MD,Snowstorm,1996-01,24,1996-01-01
MD,Snowstorm,2009-12,12,2009-12-01
MD,Snowstorm,2010-02,22,2010-02-01
MD,Snowstorm,2016-01,19,2016-01-01
MD,Tornado,2002-04,3,2002-04-01
ME,Biological,2020-01,434,2020-01-01
ME,Coastal Storm,1991-10,5,1991-10-01
ME,Coastal Storm,2018-03,1,2018-03-01
ME,Coastal Storm,2021-10,3,2021-10-01
ME,Fishing Losses,1972-09,8,1972-09-01
ME,Flood,1970-02,15,1970-02-01
ME,Flood,1972-03,7,1972-03-01
ME,Flood,1973-05,3,1973-05-01
ME,Flood,1974-01,12,1974-01-01
ME,Flood,1978-02,4,1978-02-01
ME,Flood,1987-03,14,1987-03-01
ME,Flood,1989-05,4,1989-05-01
ME,Flood,1992-03,10,1992-03-01
ME,Flood,1993-04,12,1993-04-01
ME,Flood,1994-04,1,1994-04-01
ME,Flood,1996-10,3,1996-10-01
ME,Flood,2007-03,4,2007-03-01
ME,Flood,2008-04,7,2008-04-01
ME,Flood,2023-04,8,2023-04-01
ME,Flood,2023-06,2,2023-06-01
ME,Freezing,2002-12,11,2002-12-01
ME,Hurricane,1991-08,9,1991-08-01
ME,Hurricane,1999-09,5,1999-09-01
ME,Hurricane,2011-08,4,2011-08-01
ME,Severe Storm,1996-01,7,1996-01-01
ME,Severe Storm,1996-04,5,1996-04-01
ME,Severe Storm,1998-01,16,1998-01-01
ME,Severe Storm,1998-06,6,1998-06-01
ME,Severe Storm,1998-10,2,1998-10-01
ME,Severe Storm,2000-03,8,2000-03-01
ME,Severe Storm,2001-03,6,2001-03-01
ME,Severe Storm,2003-12,7,2003-12-01
ME,Severe Storm,2005-03,13,2005-03-01
ME,Severe Storm,2006-05,1,2006-05-01
ME,Severe Storm,2007-04,13,2007-04-01
ME,Severe Storm,2007-07,1,2007-07-01
ME,Severe Storm,2008-07,3,2008-07-01
ME,Severe Storm,2008-12,7,2008-12-01
ME,Severe Storm,2009-06,9,2009-06-01
ME,Severe Storm,2010-02,5,2010-02-01
ME,Severe Storm,2010-03,2,2010-03-01
ME,Severe Storm,2010-12,3,2010-12-01
ME,Severe Storm,2013-02,6,2013-02-01
ME,Severe Storm,2017-10,13,2017-10-01
ME,Severe Storm,2022-12,6,2022-12-01
ME,Severe Storm,2023-12,10,2023-12-01
ME,Severe Storm,2024-01,8,2024-01-01
ME,Snowstorm,1991-04,1,1991-04-01
ME,Snowstorm,2015-01,4,2015-01-01
ME,Winter Storm,2024-04,2,2024-04-01
MH,Coastal Storm,1994-06,1,1994-06-01
MH,Drought,1998-01,24,1998-01-01
MH,Fire,1987-02,1,1987-02-01
MH,Flood,1992-01,6,1992-01-01
MH,Typhoon,1988-01,1,1988-01-01
MH,Typhoon,1991-11,7,1991-11-01
MH,Typhoon,1992-11,10,1992-11-01
MI,Biological,2020-01,83,2020-01-01
MI,Dam/Levee Break,2020-05,5,2020-05-01
MI,Flood,1972-12,9,1972-12-01
MI,Flood,1973-04,14,1973-04-01
MI,Flood,1975-04,17,1975-04-01
MI,Flood,1975-09,16,1975-09-01
MI,Flood,1980-09,10,1980-09-01
MI,Flood,1982-03,2,1982-03-01
MI,Flood,1985-09,21,1985-09-01
MI,Flood,1986-09,30,1986-09-01
MI,Flood,2002-04,6,2002-04-01
MI,Flood,2013-04,16,2013-04-01
MI,Flood,2014-08,3,2014-08-01
MI,Flood,2018-06,3,2018-06-01
MI,Flood,2023-08,9,2023-08-01
MI,Freezing,1994-01,10,1994-01-01
MI,Severe Ice Storm,2025-03,13,2025-03-01
MI,Severe Storm,1976-03,29,1976-03-01
MI,Severe Storm,1996-06,7,1996-06-01
MI,Severe Storm,1997-07,5,1997-07-01
MI,Severe Storm,1998-05,13,1998-05-01
MI,Severe Storm,1998-07,2,1998-07-01
MI,Severe Storm,2000-09,2,2000-09-01
MI,Severe Storm,2004-05,26,2004-05-01
MI,Severe Storm,2008-06,12,2008-06-01
MI,Severe Storm,2017-06,4,2017-06-01
MI,Severe Storm,2021-06,5,2021-06-01
MI,Snowstorm,1972-04,9,1972-04-01
MI,Tornado,1965-04,16,1965-04-01
MI,Tornado,1974-04,1,1974-04-01
MI,Tornado,1980-05,2,1980-05-01
MN,Biological,2020-01,91,2020-01-01
MN,Flood,1965-04,65,1965-04-01
MN,Flood,1966-03,25,1966-03-01
MN,Flood,1968-08,5,1968-08-01
MN,Flood,1968-09,1,1968-09-01
MN,Flood,1969-04,70,1969-04-01
MN,Flood,1969-08,4,1969-08-01
MN,Flood,1970-07,11,1970-07-01
MN,Flood,1972-08,18,1972-08-01
MN,Flood,1974-06,12,1974-06-01
MN,Flood,1974-07,6,1974-07-01
MN,Flood,1975-07,1,1975-07-01
MN,Flood,1978-04,10,1978-04-01
MN,Flood,1979-04,11,1979-04-01
MN,Flood,1989-03,8,1989-03-01
MN,Flood,1996-03,26,1996-03-01
MN,Flood,1997-03,59,1997-03-01
MN,Flood,2001-03,66,2001-03-01
MN,Flood,2006-03,9,2006-03-01
MN,Flood,2010-03,26,2010-03-01
MN,Flood,2011-03,33,2011-03-01
MN,Flood,2014-06,37,2014-06-01
MN,Flood,2016-09,10,2016-09-01
MN,Flood,2018-06,28,2018-06-01
MN,Flood,2018-10,1,2018-10-01
MN,Flood,2019-03,51,2019-03-01
MN,Flood,2022-04,15,2022-04-01
MN,Flood,2023-04,25,2023-04-01
MN,Flood,2024-06,32,2024-06-01
MN,Severe Ice Storm,1991-10,12,1991-10-01
MN,Severe Ice Storm,1999-03,7,1999-03-01
MN,Severe Storm,1975-07,17,1975-07-01
MN,Severe Storm,1978-07,17,1978-07-01
MN,Severe Storm,1987-07,10,1987-07-01
MN,Severe Storm,1992-06,10,1992-06-01
MN,Severe Storm,1993-05,57,1993-05-01
MN,Severe Storm,1995-07,15,1995-07-01
MN,Severe Storm,1996-11,12,1996-11-01
MN,Severe Storm,1997-01,55,1997-01-01
MN,Severe Storm,1997-06,7,1997-06-01
MN,Severe Storm,1999-07,9,1999-07-01
MN,Severe Storm,2000-05,17,2000-05-01
MN,Severe Storm,2002-06,19,2002-06-01
MN,Severe Storm,2004-09,7,2004-09-01
MN,Severe Storm,2005-11,9,2005-11-01
MN,Severe Storm,2007-08,8,2007-08-01
MN,Severe Storm,2008-06,6,2008-06-01
MN,Severe Storm,2009-03,28,2009-03-01
MN,Severe Storm,2010-09,29,2010-09-01
MN,Severe Storm,2011-05,2,2011-05-01
MN,Severe Storm,2011-07,15,2011-07-01
MN,Severe Storm,2012-06,15,2012-06-01
MN,Severe Storm,2013-04,5,2013-04-01
MN,Severe Storm,2013-06,18,2013-06-01
MN,Severe Storm,2022-05,46,2022-05-01
MN,Snowstorm,1995-10,4,1995-10-01
MN,Tornado,1998-03,7,1998-03-01
MN,Tornado,1998-05,19,1998-05-01
MN,Tornado,2010-06,13,2010-06-01
MO,Biological,2020-01,115,2020-01-01
MO,Flood,1965-07,18,1965-07-01
MO,Flood,1973-11,36,1973-11-01
MO,Flood,1974-06,22,1974-06-01
MO,Flood,1976-07,4,1976-07-01
MO,Flood,1977-09,6,1977-09-01
MO,Flood,1982-08,3,1982-08-01
MO,Flood,1982-12,14,1982-12-01
MO,Flood,1984-06,11,1984-06-01
MO,Flood,1986-09,30,1986-09-01
MO,Flood,1990-05,10,1990-05-01
MO,Flood,1993-04,8,1993-04-01
MO,Flood,1993-06,105,1993-06-01
MO,Flood,2000-05,10,2000-05-01
MO,Flood,2011-06,11,2011-06-01
MO,Flood,2015-12,52,2015-12-01
MO,Flood,2017-04,55,2017-04-01
MO,Flood,2019-03,16,2019-03-01
MO,Flood,2022-07,4,2022-07-01
MO,Severe Ice Storm,2002-01,43,2002-01-01
MO,Severe Ice Storm,2007-01,39,2007-01-01
MO,Severe Ice Storm,2007-12,42,2007-12-01
MO,Severe Ice Storm,2008-02,18,2008-02-01
MO,Severe Storm,1965-06,6,1965-06-01
MO,Severe Storm,1973-04,94,1973-04-01
MO,Severe Storm,1993-11,24,1993-11-01
MO,Severe Storm,1994-04,18,1994-04-01
MO,Severe Storm,1995-05,62,1995-05-01
MO,Severe Storm,1998-07,3,1998-07-01
MO,Severe Storm,1998-10,19,1998-10-01
MO,Severe Storm,1999-04,6,1999-04-01
MO,Severe Storm,2002-04,79,2002-04-01
MO,Severe Storm,2003-05,76,2003-05-01
MO,Severe Storm,2004-05,37,2004-05-01
MO,Severe Storm,2006-03,48,2006-03-01
MO,Severe Storm,2006-07,1,2006-07-01
MO,Severe Storm,2006-11,14,2006-11-01
MO,Severe Storm,2007-05,30,2007-05-01
MO,Severe Storm,2007-08,7,2007-08-01
MO,Severe Storm,2008-01,9,2008-01-01
MO,Severe Storm,2008-03,71,2008-03-01
MO,Severe Storm,2008-05,3,2008-05-01
MO,Severe Storm,2008-06,61,2008-06-01
MO,Severe Storm,2008-09,56,2008-09-01
MO,Severe Storm,2009-01,21,2009-01-01
MO,Severe Storm,2009-05,53,2009-05-01
MO,Severe Storm,2010-06,37,2010-06-01
MO,Severe Storm,2011-01,62,2011-01-01
MO,Severe Storm,2011-04,41,2011-04-01
MO,Severe Storm,2013-05,28,2013-05-01
MO,Severe Storm,2013-08,18,2013-08-01
MO,Severe Storm,2014-09,20,2014-09-01
MO,Severe Storm,2015-05,76,2015-05-01
MO,Severe Storm,2019-04,87,2019-04-01
MO,Severe Storm,2020-05,19,2020-05-01
MO,Severe Storm,2021-06,21,2021-06-01
MO,Severe Storm,2021-12,7,2021-12-01
MO,Severe Storm,2023-07,33,2023-07-01
MO,Severe Storm,2024-05,15,2024-05-01
MO,Severe Storm,2024-11,14,2024-11-01
MO,Severe Storm,2025-03,52,2025-03-01
MO,Severe Storm,2025-04,6,2025-04-01
MO,Severe Storm,2025-05,8,2025-05-01
MO,Tornado,1975-05,4,1975-05-01
MO,Tornado,1977-05,7,1977-05-01
MO,Tornado,1979-04,17,1979-04-01
MO,Tornado,1980-05,1,1980-05-01
MP,Biological,2020-01,5,2020-01-01
MP,Flood,1978-08,1,1978-08-01
MP,Tropical Storm,2023-05,3,2023-05-01
MP,Typhoon,1976-06,1,1976-06-01
MP,Typhoon,1980-11,1,1980-11-01
MP,Typhoon,1986-12,1,1986-12-01
MP,Typhoon,1987-10,3,1987-10-01
MP,Typhoon,1988-01,1,1988-01-01
MP,Typhoon,1990-01,4,1990-01-01
MP,Typhoon,1997-11,3,1997-11-01
MP,Typhoon,1997-12,1,1997-12-01
MP,Typhoon,2002-07,1,2002-07-01
MP,Typhoon,2002-12,3,2002-12-01
MP,Typhoon,2004-06,3,2004-06-01
MP,Typhoon,2004-08,3,2004-08-01
MP,Typhoon,2005-08,3,2005-08-01
MP,Typhoon,2015-08,3,2015-08-01
MP,Typhoon,2018-09,3,2018-09-01
MP,Typhoon,2018-10,4,2018-10-01
MS,Biological,2020-01,82,2020-01-01
MS,Flood,1972-01,9,1972-01-01
MS,Flood,1974-04,30,1974-04-01
MS,Flood,1991-02,18,1991-02-01
MS,Flood,1997-02,4,1997-02-01
MS,Flood,2011-05,14,2011-05-01
MS,Flood,2016-03,29,2016-03-01
MS,Hurricane,1965-09,11,1965-09-01
MS,Hurricane,1969-08,27,1969-08-01
MS,Hurricane,1979-09,16,1979-09-01
MS,Hurricane,1985-08,4,1985-08-01
MS,Hurricane,1998-09,17,1998-09-01
MS,Hurricane,2002-09,11,2002-09-01
MS,Hurricane,2004-09,44,2004-09-01
MS,Hurricane,2005-07,42,2005-07-01
MS,Hurricane,2005-08,82,2005-08-01
MS,Hurricane,2008-08,22,2008-08-01
MS,Hurricane,2012-08,48,2012-08-01
MS,Hurricane,2017-10,6,2017-10-01
MS,Hurricane,2020-10,8,2020-10-01
MS,Hurricane,2021-08,82,2021-08-01
MS,Severe Ice Storm,1998-12,34,1998-12-01
MS,Severe Ice Storm,2021-02,36,2021-02-01
MS,Severe Storm,1973-03,52,1973-03-01
MS,Severe Storm,1976-04,4,1976-04-01
MS,Severe Storm,1979-04,36,1979-04-01
MS,Severe Storm,1980-04,8,1980-04-01
MS,Severe Storm,1983-04,15,1983-04-01
MS,Severe Storm,1983-06,16,1983-06-01
MS,Severe Storm,1987-02,1,1987-02-01
MS,Severe Storm,1990-01,35,1990-01-01
MS,Severe Storm,1990-12,12,1990-12-01
MS,Severe Storm,1991-04,42,1991-04-01
MS,Severe Storm,1994-02,26,1994-02-01
MS,Severe Storm,1995-05,4,1995-05-01
MS,Severe Storm,2001-02,50,2001-02-01
MS,Severe Storm,2001-04,6,2001-04-01
MS,Severe Storm,2001-06,5,2001-06-01
MS,Severe Storm,2001-11,23,2001-11-01
MS,Severe Storm,2002-11,6,2002-11-01
MS,Severe Storm,2003-04,31,2003-04-01
MS,Severe Storm,2003-05,9,2003-05-01
MS,Severe Storm,2008-03,4,2008-03-01
MS,Severe Storm,2008-04,1,2008-04-01
MS,Severe Storm,2009-03,11,2009-03-01
MS,Severe Storm,2010-04,9,2010-04-01
MS,Severe Storm,2010-05,9,2010-05-01
MS,Severe Storm,2011-04,40,2011-04-01
MS,Severe Storm,2013-02,7,2013-02-01
MS,Severe Storm,2014-04,13,2014-04-01
MS,Severe Storm,2015-12,12,2015-12-01
MS,Severe Storm,2017-04,9,2017-04-01
MS,Severe Storm,2018-12,11,2018-12-01
MS,Severe Storm,2019-02,30,2019-02-01
MS,Severe Storm,2019-04,9,2019-04-01
MS,Severe Storm,2019-10,19,2019-10-01
MS,Severe Storm,2020-01,13,2020-01-01
MS,Severe Storm,2020-02,15,2020-02-01
MS,Severe Storm,2020-04,40,2020-04-01
MS,Severe Storm,2023-03,7,2023-03-01
MS,Severe Storm,2023-06,29,2023-06-01
MS,Severe Storm,2024-04,6,2024-04-01
MS,Severe Storm,2025-03,18,2025-03-01
MS,Tornado,1971-02,23,1971-02-01
MS,Tornado,1975-01,2,1975-01-01
MS,Tornado,1984-03,6,1984-03-01
MS,Tornado,1992-03,4,1992-03-01
MS,Tornado,1992-10,1,1992-10-01
MS,Tornado,1992-11,21,1992-11-01
MS,Tornado,2014-12,1,2014-12-01
MS,Tornado,2017-01,4,2017-01-01
MS,Winter Storm,2026-01,38,2026-01-01
MT,Biological,2020-01,56,2020-01-01
MT,Fire,2000-07,48,2000-07-01
MT,Fire,2012-06,2,2012-06-01
MT,Fire,2021-08,1,2021-08-01
MT,Flood,1974-01,7,1974-01-01
MT,Flood,1975-06,14,1975-06-01
MT,Flood,1978-05,7,1978-05-01
MT,Flood,1981-05,10,1981-05-01
MT,Flood,1986-02,16,1986-02-01
MT,Flood,1986-09,7,1986-09-01
MT,Flood,2013-05,12,2013-05-01
MT,Flood,2014-03,15,2014-03-01
MT,Flood,2018-04,7,2018-04-01
MT,Flood,2018-05,9,2018-05-01
MT,Flood,2019-03,8,2019-03-01
MT,Flood,2022-06,7,2022-06-01
MT,Flood,2023-04,7,2023-04-01
MT,Flood,2023-06,10,2023-06-01
MT,Other,2021-06,5,2021-06-01
MT,Severe Storm,1996-02,14,1996-02-01
MT,Severe Storm,1996-03,6,1996-03-01
MT,Severe Storm,1997-03,23,1997-03-01
MT,Severe Storm,2000-10,7,2000-10-01
MT,Severe Storm,2001-04,1,2001-04-01
MT,Severe Storm,2001-06,3,2001-06-01
MT,Severe Storm,2002-06,5,2002-06-01
MT,Severe Storm,2008-05,4,2008-05-01
MT,Severe Storm,2010-06,2,2010-06-01
MT,Severe Storm,2011-04,49,2011-04-01
MT,Severe Storm,2014-08,5,2014-08-01
MT,Severe Storm,2016-04,5,2016-04-01
MT,Severe Storm,2024-05,10,2024-05-01
MT,Straight-Line Winds,2024-07,2,2024-07-01
MT,Tornado,2016-06,1,2016-06-01
NC,Biological,2020-01,100,2020-01-01
NC,Flood,1973-06,9,1973-06-01
NC,Flood,1977-11,16,1977-11-01
NC,Flood,1979-09,1,1979-09-01
NC,Flood,1995-10,15,1995-10-01
NC,Flood,2013-07,19,2013-07-01
NC,Hurricane,1984-09,6,1984-09-01
NC,Hurricane,1989-09,29,1989-09-01
NC,Hurricane,1993-08,1,1993-08-01
NC,Hurricane,1996-07,17,1996-07-01
NC,Hurricane,1996-09,58,1996-09-01
NC,Hurricane,1998-08,30,1998-08-01
NC,Hurricane,1999-08,6,1999-08-01
NC,Hurricane,1999-09,66,1999-09-01
NC,Hurricane,2003-09,48,2003-09-01
NC,Hurricane,2004-09,64,2004-09-01
NC,Hurricane,2005-09,10,2005-09-01
NC,Hurricane,2011-08,38,2011-08-01
NC,Hurricane,2016-10,50,2016-10-01
NC,Hurricane,2018-09,52,2018-09-01
NC,Hurricane,2018-10,21,2018-10-01
NC,Hurricane,2019-09,28,2019-09-01
NC,Hurricane,2020-07,16,2020-07-01
NC,Hurricane,2021-08,11,2021-08-01
NC,Severe Ice Storm,1968-02,21,1968-02-01
NC,Severe Ice Storm,2002-12,44,2002-12-01
NC,Severe Ice Storm,2003-02,9,2003-02-01
NC,Severe Ice Storm,2014-03,9,2014-03-01
NC,Severe Storm,1998-01,10,1998-01-01
NC,Severe Storm,1998-03,7,1998-03-01
NC,Severe Storm,2000-01,33,2000-01-01
NC,Severe Storm,2008-09,4,2008-09-01
NC,Severe Storm,2009-12,13,2009-12-01
NC,Severe Storm,2010-09,14,2010-09-01
NC,Severe Storm,2011-04,20,2011-04-01
NC,Severe Storm,2018-04,2,2018-04-01
NC,Severe Storm,2020-02,19,2020-02-01
NC,Severe Storm,2020-11,19,2020-11-01
NC,Snowstorm,1996-01,70,1996-01-01
NC,Snowstorm,1996-02,34,1996-02-01
NC,Tornado,1974-04,6,1974-04-01
NC,Tornado,1984-03,14,1984-03-01
NC,Tornado,1988-11,9,1988-11-01
NC,Tornado,1989-05,13,1989-05-01
NC,Tropical Depression,2025-07,7,2025-07-01
NC,Tropical Storm,2024-09,45,2024-09-01
ND,Biological,2020-01,53,2020-01-01
ND,Fire,2024-10,2,2024-10-01
ND,Flood,1965-05,10,1965-05-01
ND,Flood,1966-03,16,1966-03-01
ND,Flood,1966-07,8,1966-07-01
ND,Flood,1969-04,46,1969-04-01
ND,Flood,1970-06,21,1970-06-01
ND,Flood,1972-06,7,1972-06-01
ND,Flood,1974-05,18,1974-05-01
ND,Flood,1975-05,15,1975-05-01
ND,Flood,1975-07,13,1975-07-01
ND,Flood,1976-04,9,1976-04-01
ND,Flood,1978-04,25,1978-04-01
ND,Flood,1979-04,42,1979-04-01
ND,Flood,1982-05,3,1982-05-01
ND,Flood,1989-03,6,1989-03-01
ND,Flood,1993-06,39,1993-06-01
ND,Flood,1997-02,53,1997-02-01
ND,Flood,1998-03,16,1998-03-01
ND,Flood,1999-03,43,1999-03-01
ND,Flood,2001-03,37,2001-03-01
ND,Flood,2010-02,29,2010-02-01
ND,Flood,2011-02,44,2011-02-01
ND,Flood,2013-04,16,2013-04-01
ND,Flood,2014-06,9,2014-06-01
ND,Flood,2017-03,10,2017-03-01
ND,Flood,2019-03,19,2019-03-01
ND,Flood,2019-10,18,2019-10-01
ND,Flood,2020-04,20,2020-04-01
ND,Flood,2023-04,21,2023-04-01
ND,Severe Storm,1994-03,25,1994-03-01
ND,Severe Storm,1995-03,32,1995-03-01
ND,Severe Storm,1996-03,33,1996-03-01
ND,Severe Storm,1997-01,53,1997-01-01
ND,Severe Storm,2000-04,40,2000-04-01
ND,Severe Storm,2002-06,5,2002-06-01
ND,Severe Storm,2003-06,1,2003-06-01
ND,Severe Storm,2004-03,19,2004-03-01
ND,Severe Storm,2005-06,26,2005-06-01
ND,Severe Storm,2005-11,4,2005-11-01
ND,Severe Storm,2006-03,11,2006-03-01
ND,Severe Storm,2007-06,13,2007-06-01
ND,Severe Storm,2007-07,2,2007-07-01
ND,Severe Storm,2007-08,1,2007-08-01
ND,Severe Storm,2009-03,48,2009-03-01
ND,Severe Storm,2010-01,25,2010-01-01
ND,Severe Storm,2010-04,12,2010-04-01
ND,Severe Storm,2011-04,9,2011-04-01
ND,Severe Storm,2013-05,19,2013-05-01
ND,Severe Storm,2013-10,7,2013-10-01
ND,Severe Storm,2020-06,6,2020-06-01
ND,Severe Storm,2021-06,9,2021-06-01
ND,Severe Storm,2022-04,40,2022-04-01
ND,Severe Storm,2025-06,19,2025-06-01
ND,Severe Storm,2025-08,7,2025-08-01
ND,Snowstorm,2005-10,20,2005-10-01
ND,Snowstorm,2022-11,7,2022-11-01
ND,Tornado,2000-11,9,2000-11-01
ND,Winter Storm,2023-12,13,2023-12-01
NE,Biological,2020-01,93,2020-01-01
NE,Flood,1966-08,8,1966-08-01
NE,Flood,1967-07,56,1967-07-01
NE,Flood,1971-02,19,1971-02-01
NE,Flood,1971-07,9,1971-07-01
NE,Flood,1973-10,15,1973-10-01
NE,Flood,1978-03,21,1978-03-01
NE,Flood,1991-05,7,1991-05-01
NE,Flood,1992-07,8,1992-07-01
NE,Flood,1993-03,13,1993-03-01
NE,Flood,1993-06,52,1993-06-01
NE,Flood,2010-03,37,2010-03-01
NE,Flood,2011-05,16,2011-05-01
NE,Flood,2019-03,84,2019-03-01
NE,Severe Ice Storm,1976-04,20,1976-04-01
NE,Severe Ice Storm,2007-12,8,2007-12-01
NE,Severe Storm,1990-06,23,1990-06-01
NE,Severe Storm,1996-05,4,1996-05-01
NE,Severe Storm,1997-10,39,1997-10-01
NE,Severe Storm,1999-08,3,1999-08-01
NE,Severe Storm,2001-04,28,2001-04-01
NE,Severe Storm,2001-08,1,2001-08-01
NE,Severe Storm,2003-06,19,2003-06-01
NE,Severe Storm,2004-05,39,2004-05-01
NE,Severe Storm,2005-05,11,2005-05-01
NE,Severe Storm,2005-11,29,2005-11-01
NE,Severe Storm,2006-12,59,2006-12-01
NE,Severe Storm,2007-05,34,2007-05-01
NE,Severe Storm,2007-06,6,2007-06-01
NE,Severe Storm,2008-04,5,2008-04-01
NE,Severe Storm,2008-05,62,2008-05-01
NE,Severe Storm,2008-06,4,2008-06-01
NE,Severe Storm,2009-06,17,2009-06-01
NE,Severe Storm,2009-11,7,2009-11-01
NE,Severe Storm,2009-12,58,2009-12-01
NE,Severe Storm,2010-06,61,2010-06-01
NE,Severe Storm,2010-09,7,2010-09-01
NE,Severe Storm,2011-06,12,2011-06-01
NE,Severe Storm,2013-10,10,2013-10-01
NE,Severe Storm,2014-06,24,2014-06-01
NE,Severe Storm,2015-05,28,2015-05-01
NE,Severe Storm,2017-04,10,2017-04-01
NE,Severe Storm,2017-06,19,2017-06-01
NE,Severe Storm,2018-06,11,2018-06-01
NE,Severe Storm,2021-07,14,2021-07-01
NE,Severe Storm,2021-12,25,2021-12-01
NE,Severe Storm,2022-05,20,2022-05-01
NE,Severe Storm,2024-04,8,2024-04-01
NE,Severe Storm,2024-05,19,2024-05-01
NE,Severe Storm,2024-06,17,2024-06-01
NE,Severe Storm,2024-07,5,2024-07-01
NE,Severe Storm,2025-08,12,2025-08-01
NE,Snowstorm,1994-04,15,1994-04-01
NE,Snowstorm,2018-04,31,2018-04-01
NE,Tornado,1975-05,2,1975-05-01
NE,Tornado,1980-06,3,1980-06-01
NE,Tornado,1984-04,1,1984-04-01
NE,Tornado,1984-06,24,1984-06-01
NE,Tornado,2014-05,6,2014-05-01
NE,Tornado,2024-04,6,2024-04-01
NE,Winter Storm,2025-03,28,2025-03-01
NH,Biological,2020-01,10,2020-01-01
NH,Coastal Storm,1972-03,1,1972-03-01
NH,Coastal Storm,1991-10,1,1991-10-01
NH,Coastal Storm,2018-03,1,2018-03-01
NH,Flood,1973-07,10,1973-07-01
NH,Flood,1974-01,4,1974-01-01
NH,Flood,1978-02,1,1978-02-01
NH,Flood,1986-07,3,1986-07-01
NH,Flood,1987-03,8,1987-03-01
NH,Flood,1990-08,8,1990-08-01
NH,Flood,1995-10,6,1995-10-01
NH,Flood,1996-10,6,1996-10-01
NH,Flood,2011-05,2,2011-05-01
NH,Flood,2021-07,2,2021-07-01
NH,Flood,2023-07,7,2023-07-01
NH,Hurricane,1991-08,4,1991-08-01
NH,Hurricane,1999-09,3,1999-09-01
NH,Hurricane,2011-08,7,2011-08-01
NH,Hurricane,2012-10,6,2012-10-01
NH,Severe Ice Storm,2008-12,10,2008-12-01
NH,Severe Storm,1998-01,9,1998-01-01
NH,Severe Storm,1998-06,7,1998-06-01
NH,Severe Storm,2003-07,2,2003-07-01
NH,Severe Storm,2005-10,6,2005-10-01
NH,Severe Storm,2006-05,7,2006-05-01
NH,Severe Storm,2007-04,10,2007-04-01
NH,Severe Storm,2008-07,9,2008-07-01
NH,Severe Storm,2008-09,2,2008-09-01
NH,Severe Storm,2010-02,6,2010-02-01
NH,Severe Storm,2010-03,2,2010-03-01
NH,Severe Storm,2011-10,2,2011-10-01
NH,Severe Storm,2012-05,1,2012-05-01
NH,Severe Storm,2013-02,8,2013-02-01
NH,Severe Storm,2013-06,3,2013-06-01
NH,Severe Storm,2015-01,3,2015-01-01
NH,Severe Storm,2017-03,2,2017-03-01
NH,Severe Storm,2017-07,2,2017-07-01
NH,Severe Storm,2017-10,6,2017-10-01
NH,Severe Storm,2019-07,1,2019-07-01
NH,Severe Storm,2021-07,1,2021-07-01
NH,Severe Storm,2022-12,4,2022-12-01
NH,Severe Storm,2023-12,3,2023-12-01
NH,Severe Storm,2024-01,2,2024-01-01
NH,Severe Storm,2024-07,2,2024-07-01
NH,Snowstorm,2018-03,3,2018-03-01
NH,Winter Storm,2024-04,5,2024-04-01
NJ,Biological,2020-01,21,2020-01-01
NJ,Coastal Storm,1998-02,3,1998-02-01
NJ,Drought,1965-08,21,1965-08-01
NJ,Flood,1968-06,7,1968-06-01
NJ,Flood,1971-09,21,1971-09-01
NJ,Flood,1973-08,4,1973-08-01
NJ,Flood,1975-07,13,1975-07-01
NJ,Flood,1976-08,4,1976-08-01
NJ,Flood,1984-03,8,1984-03-01
NJ,Flood,1992-12,12,1992-12-01
NJ,Hurricane,1985-09,4,1985-09-01
NJ,Hurricane,1999-09,9,1999-09-01
NJ,Hurricane,2011-08,21,2011-08-01
NJ,Hurricane,2012-10,21,2012-10-01
NJ,Hurricane,2020-08,11,2020-08-01
NJ,Hurricane,2021-09,21,2021-09-01
NJ,Severe Ice Storm,1977-02,10,1977-02-01
NJ,Severe Storm,1992-01,5,1992-01-01
NJ,Severe Storm,1996-10,5,1996-10-01
NJ,Severe Storm,1997-08,1,1997-08-01
NJ,Severe Storm,2000-08,2,2000-08-01
NJ,Severe Storm,2004-07,2,2004-07-01
NJ,Severe Storm,2004-09,4,2004-09-01
NJ,Severe Storm,2005-04,9,2005-04-01
NJ,Severe Storm,2006-06,4,2006-06-01
NJ,Severe Storm,2007-04,15,2007-04-01
NJ,Severe Storm,2009-11,3,2009-11-01
NJ,Severe Storm,2010-03,16,2010-03-01
NJ,Severe Storm,2011-08,3,2011-08-01
NJ,Severe Storm,2011-09,5,2011-09-01
NJ,Severe Storm,2011-10,11,2011-10-01
NJ,Severe Storm,2012-06,3,2012-06-01
NJ,Severe Storm,2015-06,4,2015-06-01
NJ,Severe Storm,2016-01,17,2016-01-01
NJ,Severe Storm,2018-03,6,2018-03-01
NJ,Severe Storm,2023-07,1,2023-07-01
NJ,Snowstorm,1996-01,21,1996-01-01
NJ,Snowstorm,2009-12,7,2009-12-01
NJ,Snowstorm,2010-02,7,2010-02-01
NJ,Snowstorm,2010-12,15,2010-12-01
NJ,Snowstorm,2021-01,5,2021-01-01
NM,Biological,2020-01,33,2020-01-01
NM,Fire,2000-05,21,2000-05-01
NM,Fire,2022-04,7,2022-04-01
NM,Fire,2024-06,4,2024-06-01
NM,Flood,1965-07,4,1965-07-01
NM,Flood,1972-08,1,1972-08-01
NM,Flood,1972-09,2,1972-09-01
NM,Flood,1972-11,3,1972-11-01
NM,Flood,1973-05,11,1973-05-01
NM,Flood,1979-01,5,1979-01-01
NM,Flood,1979-06,6,1979-06-01
NM,Flood,1983-09,3,1983-09-01
NM,Flood,1984-08,3,1984-08-01
NM,Flood,1985-01,5,1985-01-01
NM,Flood,1992-05,1,1992-05-01
NM,Flood,1993-01,4,1993-01-01
NM,Flood,2010-07,5,2010-07-01
NM,Flood,2011-08,3,2011-08-01
NM,Flood,2012-06,3,2012-06-01
NM,Flood,2013-09,23,2013-09-01
NM,Flood,2024-10,1,2024-10-01
NM,Flood,2025-06,3,2025-06-01
NM,Severe Storm,1997-12,10,1997-12-01
NM,Severe Storm,1999-07,7,1999-07-01
NM,Severe Storm,2004-04,4,2004-04-01
NM,Severe Storm,2006-07,19,2006-07-01
NM,Severe Storm,2007-03,2,2007-03-01
NM,Severe Storm,2008-07,2,2008-07-01
NM,Severe Storm,2011-02,6,2011-02-01
NM,Severe Storm,2013-07,6,2013-07-01
NM,Severe Storm,2014-07,6,2014-07-01
NM,Severe Storm,2014-09,8,2014-09-01
NV,Biological,2020-01,17,2020-01-01
NV,Fire,2004-07,1,2004-07-01
NV,Flood,1965-01,4,1965-01-01
NV,Flood,1969-04,1,1969-04-01
NV,Flood,1981-08,1,1981-08-01
NV,Flood,1984-09,1,1984-09-01
NV,Flood,1986-02,6,1986-02-01
NV,Flood,2023-03,6,2023-03-01
NV,Severe Storm,1996-12,7,1996-12-01
NV,Severe Storm,1999-07,1,1999-07-01
NV,Severe Storm,2005-01,2,2005-01-01
NV,Severe Storm,2005-12,6,2005-12-01
NV,Severe Storm,2008-01,1,2008-01-01
NV,Severe Storm,2017-01,5,2017-01-01
NV,Severe Storm,2017-02,7,2017-02-01
NY,Biological,2020-01,62,2020-01-01
NY,Drought,1965-08,14,1965-08-01
NY,Earthquake,2002-04,6,2002-04-01
NY,Fire,2001-09,62,2001-09-01
NY,Flood,1967-10,2,1967-10-01
NY,Flood,1969-08,1,1969-08-01
NY,Flood,1970-07,4,1970-07-01
NY,Flood,1971-09,13,1971-09-01
NY,Flood,1972-06,26,1972-06-01
NY,Flood,1973-03,8,1973-03-01
NY,Flood,1973-07,6,1973-07-01
NY,Flood,1974-07,4,1974-07-01
NY,Flood,1975-10,16,1975-10-01
NY,Flood,1976-06,2,1976-06-01
NY,Flood,1976-07,7,1976-07-01
NY,Flood,1984-03,12,1984-03-01
NY,Flood,1984-09,3,1984-09-01
NY,Flood,1985-03,2,1985-03-01
NY,Flood,1987-04,5,1987-04-01
NY,Flood,1992-12,5,1992-12-01
NY,Flood,1996-01,41,1996-01-01
NY,Flood,2011-04,23,2011-04-01
NY,Flood,2013-06,16,2013-06-01
NY,Flood,2017-05,8,2017-05-01
NY,Flood,2018-08,7,2018-08-01
NY,Flood,2023-09,3,2023-09-01
NY,Flood,2024-07,5,2024-07-01
NY,Human Cause,1993-02,1,1993-02-01
NY,Hurricane,1976-09,3,1976-09-01
NY,Hurricane,1985-09,2,1985-09-01
NY,Hurricane,1991-08,1,1991-08-01
NY,Hurricane,1999-09,15,1999-09-01
NY,Hurricane,2011-08,32,2011-08-01
NY,Hurricane,2012-10,14,2012-10-01
NY,Hurricane,2020-08,7,2020-08-01
NY,Hurricane,2021-08,9,2021-08-01
NY,Hurricane,2021-09,14,2021-09-01
NY,Severe Ice Storm,1976-03,7,1976-03-01
NY,Severe Ice Storm,2003-04,16,2003-04-01
NY,Severe Storm,1996-10,4,1996-10-01
NY,Severe Storm,1996-11,12,1996-11-01
NY,Severe Storm,1998-05,6,1998-05-01
NY,Severe Storm,1998-06,15,1998-06-01
NY,Severe Storm,1998-09,11,1998-09-01
NY,Severe Storm,2000-05,28,2000-05-01
NY,Severe Storm,2003-07,17,2003-07-01
NY,Severe Storm,2004-05,62,2004-05-01
NY,Severe Storm,2004-08,18,2004-08-01
NY,Severe Storm,2004-09,9,2004-09-01
NY,Severe Storm,2005-04,21,2005-04-01
NY,Severe Storm,2006-06,21,2006-06-01
NY,Severe Storm,2006-10,4,2006-10-01
NY,Severe Storm,2006-11,9,2006-11-01
NY,Severe Storm,2007-04,14,2007-04-01
NY,Severe Storm,2007-06,3,2007-06-01
NY,Severe Storm,2007-08,2,2007-08-01
NY,Severe Storm,2008-12,9,2008-12-01
NY,Severe Storm,2009-08,6,2009-08-01
NY,Severe Storm,2009-11,2,2009-11-01
NY,Severe Storm,2010-03,9,2010-03-01
NY,Severe Storm,2010-12,10,2010-12-01
NY,Severe Storm,2011-09,15,2011-09-01
NY,Severe Storm,2013-02,1,2013-02-01
NY,Severe Storm,2014-05,11,2014-05-01
NY,Severe Storm,2019-10,18,2019-10-01
NY,Severe Storm,2023-07,9,2023-07-01
NY,Severe Storm,2024-08,3,2024-08-01
NY,Snowstorm,1977-02,9,1977-02-01
NY,Snowstorm,1985-03,2,1985-03-01
NY,Snowstorm,1987-10,9,1987-10-01
NY,Snowstorm,1990-03,13,1990-03-01
NY,Snowstorm,1996-01,19,1996-01-01
NY,Snowstorm,1998-01,10,1998-01-01
NY,Snowstorm,2001-12,1,2001-12-01
NY,Snowstorm,2014-11,9,2014-11-01
NY,Snowstorm,2017-03,28,2017-03-01
NY,Snowstorm,2022-12,5,2022-12-01
NY,Tornado,2010-09,3,2010-09-01
NY,Tropical Storm,2024-08,11,2024-08-01
OH,Biological,2020-01,88,2020-01-01
OH,Flood,1968-06,28,1968-06-01
OH,Flood,1972-07,7,1972-07-01
OH,Flood,1972-11,5,1972-11-01
OH,Flood,1973-04,8,1973-04-01
OH,Flood,1974-05,3,1974-05-01
OH,Flood,1974-07,1,1974-07-01
OH,Flood,1975-09,4,1975-09-01
OH,Flood,1980-08,7,1980-08-01
OH,Flood,1982-03,5,1982-03-01
OH,Flood,1987-07,4,1987-07-01
OH,Flood,1989-05,13,1989-05-01
OH,Flood,1996-01,13,1996-01-01
OH,Flood,1996-05,16,1996-05-01
OH,Flood,2018-02,22,2018-02-01
OH,Flood,2019-02,21,2019-02-01
OH,Hurricane,2012-10,2,2012-10-01
OH,Mud/Landslide,1973-06,2,1973-06-01
OH,Severe Storm,1981-06,4,1981-06-01
OH,Severe Storm,1990-05,25,1990-05-01
OH,Severe Storm,1992-07,24,1992-07-01
OH,Severe Storm,1995-08,11,1995-08-01
OH,Severe Storm,1997-02,18,1997-02-01
OH,Severe Storm,1998-06,23,1998-06-01
OH,Severe Storm,2000-02,7,2000-02-01
OH,Severe Storm,2000-07,1,2000-07-01
OH,Severe Storm,2000-09,1,2000-09-01
OH,Severe Storm,2001-07,4,2001-07-01
OH,Severe Storm,2002-11,20,2002-11-01
OH,Severe Storm,2003-02,31,2003-02-01
OH,Severe Storm,2003-07,10,2003-07-01
OH,Severe Storm,2004-01,14,2004-01-01
OH,Severe Storm,2004-05,25,2004-05-01
OH,Severe Storm,2004-08,88,2004-08-01
OH,Severe Storm,2004-12,62,2004-12-01
OH,Severe Storm,2006-06,6,2006-06-01
OH,Severe Storm,2006-07,3,2006-07-01
OH,Severe Storm,2007-08,8,2007-08-01
OH,Severe Storm,2008-09,33,2008-09-01
OH,Severe Storm,2011-04,21,2011-04-01
OH,Severe Storm,2012-06,39,2012-06-01
OH,Tornado,1965-04,15,1965-04-01
OH,Tornado,1968-05,5,1968-05-01
OH,Tornado,1969-07,26,1969-07-01
OH,Tornado,1974-04,14,1974-04-01
OH,Tornado,1985-05,6,1985-05-01
OH,Tornado,2003-07,15,2003-07-01
OH,Tornado,2019-05,12,2019-05-01
OH,Tornado,2024-03,11,2024-03-01
OK,Biological,2020-01,77,2020-01-01
OK,Fire,2005-11,77,2005-11-01
OK,Fire,2009-04,9,2009-04-01
OK,Fire,2012-08,2,2012-08-01
OK,Fire,2018-04,5,2018-04-01
OK,Fire,2025-03,7,2025-03-01
OK,Flood,1968-05,5,1968-05-01
OK,Flood,1971-09,6,1971-09-01
OK,Flood,1972-01,12,1972-01-01
OK,Flood,1973-10,5,1973-10-01
OK,Flood,1973-12,15,1973-12-01
OK,Flood,1974-03,6,1974-03-01
OK,Flood,1974-06,20,1974-06-01
OK,Flood,1974-11,13,1974-11-01
OK,Flood,1976-06,2,1976-06-01
OK,Flood,1981-11,6,1981-11-01
OK,Flood,1982-06,9,1982-06-01
OK,Flood,1983-06,1,1983-06-01
OK,Flood,1983-10,18,1983-10-01
OK,Flood,1984-05,4,1984-05-01
OK,Flood,1986-09,41,1986-09-01
OK,Flood,1987-05,16,1987-05-01
OK,Flood,2008-04,24,2008-04-01
OK,Flood,2016-06,8,2016-06-01
OK,Human Cause,1995-04,1,1995-04-01
OK,Severe Ice Storm,2000-12,65,2000-12-01
OK,Severe Ice Storm,2002-01,45,2002-01-01
OK,Severe Ice Storm,2002-12,14,2002-12-01
OK,Severe Ice Storm,2007-12,25,2007-12-01
OK,Severe Ice Storm,2010-01,50,2010-01-01
OK,Severe Ice Storm,2015-11,21,2015-11-01
OK,Severe Ice Storm,2020-10,29,2020-10-01
OK,Severe Ice Storm,2021-02,77,2021-02-01
OK,Severe Storm,1970-10,15,1970-10-01
OK,Severe Storm,1973-06,31,1973-06-01
OK,Severe Storm,1975-07,10,1975-07-01
OK,Severe Storm,1990-04,39,1990-04-01
OK,Severe Storm,1993-05,44,1993-05-01
OK,Severe Storm,1994-04,1,1994-04-01
OK,Severe Storm,1995-07,17,1995-07-01
OK,Severe Storm,2000-10,11,2000-10-01
OK,Severe Storm,2001-05,48,2001-05-01
OK,Severe Storm,2001-10,3,2001-10-01
OK,Severe Storm,2003-05,27,2003-05-01
OK,Severe Storm,2006-03,1,2006-03-01
OK,Severe Storm,2006-12,3,2006-12-01
OK,Severe Storm,2007-01,48,2007-01-01
OK,Severe Storm,2007-05,36,2007-05-01
OK,Severe Storm,2007-06,60,2007-06-01
OK,Severe Storm,2007-08,23,2007-08-01
OK,Severe Storm,2008-03,14,2008-03-01
OK,Severe Storm,2008-05,4,2008-05-01
OK,Severe Storm,2008-06,26,2008-06-01
OK,Severe Storm,2008-09,11,2008-09-01
OK,Severe Storm,2009-01,10,2009-01-01
OK,Severe Storm,2009-02,5,2009-02-01
OK,Severe Storm,2009-12,54,2009-12-01
OK,Severe Storm,2010-05,16,2010-05-01
OK,Severe Storm,2010-06,7,2010-06-01
OK,Severe Storm,2011-01,16,2011-01-01
OK,Severe Storm,2011-04,12,2011-04-01
OK,Severe Storm,2011-05,15,2011-05-01
OK,Severe Storm,2012-04,5,2012-04-01
OK,Severe Storm,2013-02,17,2013-02-01
OK,Severe Storm,2013-12,4,2013-12-01
OK,Severe Storm,2015-05,63,2015-05-01
OK,Severe Storm,2015-12,42,2015-12-01
OK,Severe Storm,2017-01,11,2017-01-01
OK,Severe Storm,2017-04,20,2017-04-01
OK,Severe Storm,2019-04,19,2019-04-01
OK,Severe Storm,2019-05,50,2019-05-01
OK,Severe Storm,2022-05,7,2022-05-01
OK,Severe Storm,2023-06,25,2023-06-01
OK,Severe Storm,2024-05,10,2024-05-01
OK,Severe Storm,2024-11,8,2024-11-01
OK,Tornado,1975-12,2,1975-12-01
OK,Tornado,1976-04,2,1976-04-01
OK,Tornado,1979-04,6,1979-04-01
OK,Tornado,1984-04,8,1984-04-01
OK,Tornado,1991-04,6,1991-04-01
OK,Tornado,1993-04,4,1993-04-01
OK,Tornado,1995-05,29,1995-05-01
OK,Tornado,1999-05,19,1999-05-01
OK,Tornado,2013-05,21,2013-05-01
OK,Tornado,2017-05,16,2017-05-01
OK,Tornado,2023-04,3,2023-04-01
OK,Tornado,2024-04,25,2024-04-01
OR,Biological,2020-01,36,2020-01-01
OR,Earthquake,1993-03,4,1993-03-01
OR,Earthquake,1993-09,1,1993-09-01
OR,Fire,2020-09,20,2020-09-01
OR,Fire,2024-07,5,2024-07-01
OR,Fishing Losses,1994-05,8,1994-05-01
OR,Flood,1964-12,36,1964-12-01
OR,Flood,1971-02,2,1971-02-01
OR,Flood,1972-01,10,1972-01-01
OR,Flood,1974-01,19,1974-01-01
OR,Flood,1990-01,2,1990-01-01
OR,Flood,1995-07,1,1995-07-01
OR,Flood,1996-02,27,1996-02-01
OR,Flood,1996-11,3,1996-11-01
OR,Flood,1998-05,1,1998-05-01
OR,Flood,2012-01,12,2012-01-01
OR,Flood,2019-04,6,2019-04-01
OR,Flood,2020-02,3,2020-02-01
OR,Severe Storm,1996-12,24,1996-12-01
OR,Severe Storm,2002-02,5,2002-02-01
OR,Severe Storm,2003-12,30,2003-12-01
OR,Severe Storm,2005-12,19,2005-12-01
OR,Severe Storm,2006-11,4,2006-11-01
OR,Severe Storm,2006-12,9,2006-12-01
OR,Severe Storm,2007-12,9,2007-12-01
OR,Severe Storm,2008-12,10,2008-12-01
OR,Severe Storm,2011-01,6,2011-01-01
OR,Severe Storm,2014-02,4,2014-02-01
OR,Severe Storm,2015-12,14,2015-12-01
OR,Severe Storm,2016-12,2,2016-12-01
OR,Severe Storm,2017-01,4,2017-01-01
OR,Severe Storm,2019-02,5,2019-02-01
OR,Severe Storm,2021-02,6,2021-02-01
OR,Severe Storm,2024-01,12,2024-01-01
OR,Severe Storm,2025-03,4,2025-03-01
OR,Tsunami,2011-03,3,2011-03-01
PA,Biological,2020-01,67,2020-01-01
PA,Drought,1965-08,13,1965-08-01
PA,Flood,1969-08,4,1969-08-01
PA,Flood,1971-09,7,1971-09-01
PA,Flood,1972-06,67,1972-06-01
PA,Flood,1972-09,1,1972-09-01
PA,Flood,1973-07,10,1973-07-01
PA,Flood,1975-09,30,1975-09-01
PA,Flood,1976-07,2,1976-07-01
PA,Flood,1976-10,21,1976-10-01
PA,Flood,1977-07,8,1977-07-01
PA,Flood,1980-08,3,1980-08-01
PA,Flood,1981-06,5,1981-06-01
PA,Flood,1984-08,7,1984-08-01
PA,Flood,1985-11,6,1985-11-01
PA,Flood,1986-05,1,1986-05-01
PA,Flood,1996-01,67,1996-01-01
PA,Flood,1996-06,5,1996-06-01
PA,Flood,1996-07,10,1996-07-01
PA,Flood,1996-09,6,1996-09-01
PA,Flood,1996-11,1,1996-11-01
PA,Flood,1999-09,5,1999-09-01
PA,Flood,2011-09,34,2011-09-01
PA,Flood,2016-10,4,2016-10-01
PA,Hurricane,1985-09,6,1985-09-01
PA,Hurricane,1999-09,8,1999-09-01
PA,Hurricane,2004-09,67,2004-09-01
PA,Hurricane,2011-08,14,2011-08-01
PA,Hurricane,2012-10,18,2012-10-01
PA,Hurricane,2021-08,13,2021-08-01
PA,Severe Storm,1994-01,44,1994-01-01
PA,Severe Storm,1998-05,7,1998-05-01
PA,Severe Storm,1999-08,2,1999-08-01
PA,Severe Storm,2001-06,3,2001-06-01
PA,Severe Storm,2003-07,14,2003-07-01
PA,Severe Storm,2003-09,1,2003-09-01
PA,Severe Storm,2004-07,7,2004-07-01
PA,Severe Storm,2004-09,67,2004-09-01
PA,Severe Storm,2005-04,11,2005-04-01
PA,Severe Storm,2006-06,28,2006-06-01
PA,Severe Storm,2006-11,8,2006-11-01
PA,Severe Storm,2011-04,5,2011-04-01
PA,Severe Storm,2013-06,11,2013-06-01
PA,Severe Storm,2018-08,11,2018-08-01
PA,Snowstorm,1996-01,51,1996-01-01
PA,Snowstorm,2010-02,27,2010-02-01
PA,Snowstorm,2016-01,23,2016-01-01
PA,Tornado,1985-05,11,1985-05-01
PA,Tropical Storm,2024-08,13,2024-08-01
PR,Biological,2020-01,78,2020-01-01
PR,Earthquake,2019-12,34,2019-12-01
PR,Flood,1970-10,60,1970-10-01
PR,Flood,1974-11,52,1974-11-01
PR,Flood,1975-09,78,1975-09-01
PR,Flood,1985-05,20,1985-05-01
PR,Flood,1985-10,48,1985-10-01
PR,Flood,1986-04,31,1986-04-01
PR,Flood,1987-11,32,1987-11-01
PR,Flood,1992-01,35,1992-01-01
PR,Flood,2020-09,1,2020-09-01
PR,Flood,2022-02,5,2022-02-01
PR,Flood,2024-04,13,2024-04-01
PR,Hurricane,1979-09,72,1979-09-01
PR,Hurricane,1989-09,57,1989-09-01
PR,Hurricane,1995-09,14,1995-09-01
PR,Hurricane,1996-09,71,1996-09-01
PR,Hurricane,1998-09,78,1998-09-01
PR,Hurricane,2011-08,56,2011-08-01
PR,Hurricane,2011-09,3,2011-09-01
PR,Hurricane,2017-09,110,2017-09-01
PR,Hurricane,2020-07,4,2020-07-01
PR,Hurricane,2022-09,78,2022-09-01
PR,Severe Storm,2001-05,15,2001-05-01
PR,Severe Storm,2001-11,13,2001-11-01
PR,Severe Storm,2003-11,31,2003-11-01
PR,Severe Storm,2004-09,78,2004-09-01
PR,Severe Storm,2005-10,17,2005-10-01
PR,Severe Storm,2008-09,26,2008-09-01
PR,Severe Storm,2010-05,10,2010-05-01
PR,Severe Storm,2010-10,21,2010-10-01
PR,Severe Storm,2011-05,13,2011-05-01
PR,Tropical Storm,2024-08,38,2024-08-01
RI,Biological,2020-01,5,2020-01-01
RI,Hurricane,1985-09,5,1985-09-01
RI,Hurricane,1991-08,5,1991-08-01
RI,Hurricane,2011-08,5,2011-08-01
RI,Hurricane,2012-10,4,2012-10-01
RI,Severe Storm,2007-04,1,2007-04-01
RI,Severe Storm,2010-03,5,2010-03-01
RI,Severe Storm,2013-02,5,2013-02-01
RI,Severe Storm,2015-01,5,2015-01-01
RI,Severe Storm,2023-09,1,2023-09-01
RI,Severe Storm,2023-12,3,2023-12-01
RI,Severe Storm,2024-01,4,2024-01-01
RI,Snowstorm,1978-02,5,1978-02-01
RI,Snowstorm,1996-01,5,1996-01-01
RI,Snowstorm,2022-01,5,2022-01-01
SC,Biological,2020-01,46,2020-01-01
SC,Flood,1990-10,13,1990-10-01
SC,Flood,1996-09,5,1996-09-01
SC,Flood,2015-10,36,2015-10-01
SC,Flood,2024-11,3,2024-11-01
SC,Hurricane,1989-09,24,1989-09-01
SC,Hurricane,1998-08,1,1998-08-01
SC,Hurricane,1999-09,27,1999-09-01
SC,Hurricane,2004-08,2,2004-08-01
SC,Hurricane,2004-09,28,2004-09-01
SC,Hurricane,2016-10,26,2016-10-01
SC,Hurricane,2017-09,46,2017-09-01
SC,Hurricane,2018-09,19,2018-09-01
SC,Hurricane,2019-08,12,2019-08-01
SC,Hurricane,2022-09,46,2022-09-01
SC,Hurricane,2024-09,33,2024-09-01
SC,Severe Ice Storm,2002-12,6,2002-12-01
SC,Severe Ice Storm,2004-01,26,2004-01-01
SC,Severe Ice Storm,2005-12,7,2005-12-01
SC,Severe Ice Storm,2014-02,22,2014-02-01
SC,Severe Storm,2000-01,38,2000-01-01
SC,Severe Storm,2004-08,3,2004-08-01
SC,Severe Storm,2020-02,10,2020-02-01
SC,Severe Storm,2020-04,10,2020-04-01
SC,Tornado,1984-03,7,1984-03-01
SC,Tropical Storm,2024-08,14,2024-08-01
SD,Biological,2020-01,196,2020-01-01
SD,Flood,1965-05,4,1965-05-01
SD,Flood,1969-04,26,1969-04-01
SD,Flood,1972-06,4,1972-06-01
SD,Flood,1976-06,4,1976-06-01
SD,Flood,1984-06,16,1984-06-01
SD,Flood,1986-03,25,1986-03-01
SD,Flood,1995-03,53,1995-03-01
SD,Flood,1997-02,66,1997-02-01
SD,Flood,1998-04,9,1998-04-01
SD,Flood,2001-03,24,2001-03-01
SD,Flood,2010-03,37,2010-03-01
SD,Flood,2011-03,40,2011-03-01
SD,Flood,2014-06,12,2014-06-01
SD,Flood,2019-03,58,2019-03-01
SD,Flood,2019-05,25,2019-05-01
SD,Flood,2023-04,10,2023-04-01
SD,Flood,2024-06,25,2024-06-01
SD,Severe Storm,1992-06,8,1992-06-01
SD,Severe Storm,1993-05,39,1993-05-01
SD,Severe Storm,1994-03,21,1994-03-01
SD,Severe Storm,1996-11,10,1996-11-01
SD,Severe Storm,1997-01,67,1997-01-01
SD,Severe Storm,2000-04,5,2000-04-01
SD,Severe Storm,2004-05,9,2004-05-01
SD,Severe Storm,2005-06,7,2005-06-01
SD,Severe Storm,2005-11,26,2005-11-01
SD,Severe Storm,2006-04,6,2006-04-01
SD,Severe Storm,2007-05,24,2007-05-01
SD,Severe Storm,2008-06,27,2008-06-01
SD,Severe Storm,2009-03,14,2009-03-01
SD,Severe Storm,2009-12,13,2009-12-01
SD,Severe Storm,2010-01,29,2010-01-01
SD,Severe Storm,2010-04,3,2010-04-01
SD,Severe Storm,2010-06,3,2010-06-01
SD,Severe Storm,2010-07,12,2010-07-01
SD,Severe Storm,2010-09,4,2010-09-01
SD,Severe Storm,2013-04,7,2013-04-01
SD,Severe Storm,2013-05,5,2013-05-01
SD,Severe Storm,2013-06,8,2013-06-01
SD,Severe Storm,2013-10,14,2013-10-01
SD,Severe Storm,2015-06,12,2015-06-01
SD,Severe Storm,2016-12,24,2016-12-01
SD,Severe Storm,2019-06,6,2019-06-01
SD,Severe Storm,2019-09,23,2019-09-01
SD,Severe Storm,2022-05,20,2022-05-01
SD,Severe Storm,2022-06,6,2022-06-01
SD,Snowstorm,1995-01,21,1995-01-01
SD,Snowstorm,1995-10,26,1995-10-01
SD,Snowstorm,2008-05,6,2008-05-01
SD,Snowstorm,2008-11,13,2008-11-01
SD,Tornado,1999-06,1,1999-06-01
SD,Winter Storm,2022-12,17,2022-12-01
TN,Biological,2020-01,95,2020-01-01
TN,Fire,2016-11,1,2016-11-01
TN,Flood,1969-07,6,1969-07-01
TN,Flood,1972-05,4,1972-05-01
TN,Flood,1973-03,47,1973-03-01
TN,Flood,1973-05,6,1973-05-01
TN,Flood,1973-06,12,1973-06-01
TN,Flood,1975-03,46,1975-03-01
TN,Flood,1977-04,6,1977-04-01
TN,Flood,1977-11,6,1977-11-01
TN,Flood,1982-08,5,1982-08-01
TN,Flood,1982-09,1,1982-09-01
TN,Flood,1984-05,10,1984-05-01
TN,Flood,1990-02,3,1990-02-01
TN,Flood,1990-12,22,1990-12-01
TN,Flood,1991-05,9,1991-05-01
TN,Flood,1994-03,17,1994-03-01
TN,Flood,2019-02,59,2019-02-01
TN,Flood,2021-08,4,2021-08-01
TN,Severe Ice Storm,2009-01,7,2009-01-01
TN,Severe Ice Storm,2014-03,10,2014-03-01
TN,Severe Ice Storm,2015-02,45,2015-02-01
TN,Severe Ice Storm,2021-02,13,2021-02-01
TN,Severe Storm,1979-05,14,1979-05-01
TN,Severe Storm,1994-02,71,1994-02-01
TN,Severe Storm,1997-03,6,1997-03-01
TN,Severe Storm,1998-01,39,1998-01-01
TN,Severe Storm,1998-04,43,1998-04-01
TN,Severe Storm,1998-07,2,1998-07-01
TN,Severe Storm,1998-12,33,1998-12-01
TN,Severe Storm,1999-01,24,1999-01-01
TN,Severe Storm,1999-05,18,1999-05-01
TN,Severe Storm,2000-05,15,2000-05-01
TN,Severe Storm,2001-07,8,2001-07-01
TN,Severe Storm,2002-01,37,2002-01-01
TN,Severe Storm,2002-11,22,2002-11-01
TN,Severe Storm,2003-02,28,2003-02-01
TN,Severe Storm,2003-05,73,2003-05-01
TN,Severe Storm,2003-07,2,2003-07-01
TN,Severe Storm,2004-09,15,2004-09-01
TN,Severe Storm,2006-04,15,2006-04-01
TN,Severe Storm,2008-02,19,2008-02-01
TN,Severe Storm,2009-04,5,2009-04-01
TN,Severe Storm,2009-06,3,2009-06-01
TN,Severe Storm,2009-07,6,2009-07-01
TN,Severe Storm,2010-04,49,2010-04-01
TN,Severe Storm,2010-08,10,2010-08-01
TN,Severe Storm,2011-02,13,2011-02-01
TN,Severe Storm,2011-04,79,2011-04-01
TN,Severe Storm,2011-06,7,2011-06-01
TN,Severe Storm,2012-02,10,2012-02-01
TN,Severe Storm,2014-06,23,2014-06-01
TN,Severe Storm,2017-05,14,2017-05-01
TN,Severe Storm,2019-10,10,2019-10-01
TN,Severe Storm,2020-04,9,2020-04-01
TN,Severe Storm,2020-05,20,2020-05-01
TN,Severe Storm,2022-02,7,2022-02-01
TN,Severe Storm,2023-03,58,2023-03-01
TN,Severe Storm,2023-06,3,2023-06-01
TN,Severe Storm,2023-07,4,2023-07-01
TN,Severe Storm,2023-08,10,2023-08-01
TN,Severe Storm,2023-12,9,2023-12-01
TN,Severe Storm,2024-05,12,2024-05-01
TN,Severe Storm,2025-04,30,2025-04-01
TN,Tornado,1971-05,3,1971-05-01
TN,Tornado,1974-04,45,1974-04-01
TN,Tornado,1995-05,5,1995-05-01
TN,Tornado,1997-02,29,1997-02-01
TN,Tornado,2020-03,6,2020-03-01
TN,Tornado,2021-03,24,2021-03-01
TN,Tornado,2021-12,14,2021-12-01
TN,Tropical Storm,2024-09,14,2024-09-01
TN,Winter Storm,2022-12,11,2022-12-01
TN,Winter Storm,2026-01,23,2026-01-01
TX,Biological,2020-01,254,2020-01-01
TX,Coastal Storm,2001-06,31,2001-06-01
TX,Coastal Storm,2002-09,11,2002-09-01
TX,Fire,2005-11,254,2005-11-01
TX,Fire,2011-04,122,2011-04-01
TX,Fire,2011-08,65,2011-08-01
TX,Flood,1966-05,26,1966-05-01
TX,Flood,1966-09,1,1966-09-01
TX,Flood,1968-06,1,1968-06-01
TX,Flood,1968-07,4,1968-07-01
TX,Flood,1971-09,15,1971-09-01
TX,Flood,1972-01,6,1972-01-01
TX,Flood,1972-05,7,1972-05-01
TX,Flood,1973-06,4,1973-06-01
TX,Flood,1973-07,13,1973-07-01
TX,Flood,1974-11,10,1974-11-01
TX,Flood,1975-02,1,1975-02-01
TX,Flood,1976-06,1,1976-06-01
TX,Flood,1978-08,8,1978-08-01
TX,Flood,1979-06,1,1979-06-01
TX,Flood,1979-07,6,1979-07-01
TX,Flood,1979-09,7,1979-09-01
TX,Flood,1980-09,2,1980-09-01
TX,Flood,1981-09,1,1981-09-01
TX,Flood,1981-10,9,1981-10-01
TX,Flood,1982-05,1,1982-05-01
TX,Flood,1984-09,1,1984-09-01
TX,Flood,1984-10,3,1984-10-01
TX,Flood,1989-03,9,1989-03-01
TX,Flood,1989-06,9,1989-06-01
TX,Flood,1991-12,65,1991-12-01
TX,Flood,1992-03,3,1992-03-01
TX,Flood,1994-10,38,1994-10-01
TX,Flood,1997-06,21,1997-06-01
TX,Flood,1998-10,43,1998-10-01
TX,Flood,2002-06,41,2002-06-01
TX,Flood,2016-03,21,2016-03-01
TX,Flood,2016-04,27,2016-04-01
TX,Flood,2016-05,46,2016-05-01
TX,Flood,2018-06,3,2018-06-01
TX,Flood,2018-09,36,2018-09-01
TX,Flood,2019-06,3,2019-06-01
TX,Flood,2019-09,7,2019-09-01
TX,Flood,2024-04,83,2024-04-01
TX,Flood,2025-03,4,2025-03-01
TX,Flood,2025-07,23,2025-07-01
TX,Freezing,1983-12,6,1983-12-01
TX,Freezing,1989-12,10,1989-12-01
TX,Hurricane,1967-09,29,1967-09-01
TX,Hurricane,1970-08,7,1970-08-01
TX,Hurricane,1980-08,12,1980-08-01
TX,Hurricane,1983-08,9,1983-08-01
TX,Hurricane,1988-09,3,1988-09-01
TX,Hurricane,1999-08,13,1999-08-01
TX,Hurricane,2003-07,18,2003-07-01
TX,Hurricane,2005-09,254,2005-09-01
TX,Hurricane,2008-07,16,2008-07-01
TX,Hurricane,2008-09,51,2008-09-01
TX,Hurricane,2010-06,21,2010-06-01
TX,Hurricane,2017-08,53,2017-08-01
TX,Hurricane,2020-08,5,2020-08-01
TX,Hurricane,2024-07,67,2024-07-01
TX,Other,2013-04,1,2013-04-01
TX,Severe Ice Storm,2000-12,46,2000-12-01
TX,Severe Ice Storm,2021-02,254,2021-02-01
TX,Severe Storm,1973-03,5,1973-03-01
TX,Severe Storm,1979-04,7,1979-04-01
TX,Severe Storm,1989-05,87,1989-05-01
TX,Severe Storm,1990-04,64,1990-04-01
TX,Severe Storm,1991-04,5,1991-04-01
TX,Severe Storm,1992-05,26,1992-05-01
TX,Severe Storm,1994-04,3,1994-04-01
TX,Severe Storm,1995-05,1,1995-05-01
TX,Severe Storm,1998-08,254,1998-08-01
TX,Severe Storm,1998-09,5,1998-09-01
TX,Severe Storm,2002-10,18,2002-10-01
TX,Severe Storm,2006-07,2,2006-07-01
TX,Severe Storm,2007-04,5,2007-04-01
TX,Severe Storm,2007-06,78,2007-06-01
TX,Severe Storm,2007-08,6,2007-08-01
TX,Severe Storm,2013-10,4,2013-10-01
TX,Severe Storm,2015-05,113,2015-05-01
TX,Severe Storm,2015-10,22,2015-10-01
TX,Severe Storm,2015-12,51,2015-12-01
TX,Tornado,1965-06,7,1965-06-01
TX,Tornado,1970-05,11,1970-05-01
TX,Tornado,1975-04,1,1975-04-01
TX,Tornado,1979-04,5,1979-04-01
TX,Tornado,1982-04,1,1982-04-01
TX,Tornado,1986-04,1,1986-04-01
TX,Tornado,1986-05,1,1986-05-01
TX,Tornado,1987-05,2,1987-05-01
TX,Tornado,1987-11,10,1987-11-01
TX,Tornado,1992-06,3,1992-06-01
TX,Tornado,1992-11,1,1992-11-01
TX,Tornado,1999-05,4,1999-05-01
TX,Tornado,2000-03,1,2000-03-01
TX,Winter Storm,2023-01,23,2023-01-01
UT,Biological,2020-01,29,2020-01-01
UT,Earthquake,2020-03,2,2020-03-01
UT,Flood,1983-04,22,1983-04-01
UT,Flood,1984-08,12,1984-08-01
UT,Flood,1986-02,4,1986-02-01
UT,Flood,1989-01,1,1989-01-01
UT,Flood,2005-04,8,2005-04-01
UT,Flood,2010-12,3,2010-12-01
UT,Flood,2011-04,18,2011-04-01
UT,Flood,2012-09,1,2012-09-01
UT,Flood,2017-02,2,2017-02-01
UT,Flood,2023-05,5,2023-05-01
UT,Severe Storm,2005-01,2,2005-01-01
UT,Severe Storm,2011-11,1,2011-11-01
UT,Severe Storm,2020-09,4,2020-09-01
UT,Tornado,1999-08,1,1999-08-01
VA,Biological,2020-01,134,2020-01-01
VA,Earthquake,2011-08,10,2011-08-01
VA,Flood,1972-06,106,1972-06-01
VA,Flood,1972-10,34,1972-10-01
VA,Flood,1977-04,16,1977-04-01
VA,Flood,1977-11,8,1977-11-01
VA,Flood,1979-07,1,1979-07-01
VA,Flood,1979-09,1,1979-09-01
VA,Flood,1984-05,3,1984-05-01
VA,Flood,1985-11,52,1985-11-01
VA,Flood,1989-10,1,1989-10-01
VA,Flood,1992-04,28,1992-04-01
VA,Flood,1996-01,27,1996-01-01
VA,Flood,2021-08,1,2021-08-01
VA,Freezing,1977-01,39,1977-01-01
VA,Hurricane,1969-08,27,1969-08-01
VA,Hurricane,1996-09,88,1996-09-01
VA,Hurricane,1998-08,5,1998-08-01
VA,Hurricane,1999-08,1,1999-08-01
VA,Hurricane,1999-09,48,1999-09-01
VA,Hurricane,2003-09,100,2003-09-01
VA,Hurricane,2011-08,48,2011-08-01
VA,Hurricane,2012-10,29,2012-10-01
VA,Hurricane,2016-10,10,2016-10-01
VA,Hurricane,2018-09,32,2018-09-01
VA,Hurricane,2018-10,36,2018-10-01
VA,Severe Ice Storm,2021-02,33,2021-02-01
VA,Severe Storm,1993-08,1,1993-08-01
VA,Severe Storm,1994-03,33,1994-03-01
VA,Severe Storm,1995-06,24,1995-06-01
VA,Severe Storm,2000-01,109,2000-01-01
VA,Severe Storm,2001-07,10,2001-07-01
VA,Severe Storm,2002-03,10,2002-03-01
VA,Severe Storm,2002-04,15,2002-04-01
VA,Severe Storm,2003-02,39,2003-02-01
VA,Severe Storm,2003-11,6,2003-11-01
VA,Severe Storm,2004-05,4,2004-05-01
VA,Severe Storm,2004-08,12,2004-08-01
VA,Severe Storm,2004-09,10,2004-09-01
VA,Severe Storm,2006-06,16,2006-06-01
VA,Severe Storm,2006-08,26,2006-08-01
VA,Severe Storm,2009-11,12,2009-11-01
VA,Severe Storm,2011-09,8,2011-09-01
VA,Severe Storm,2012-06,69,2012-06-01
VA,Severe Storm,2022-01,28,2022-01-01
VA,Severe Storm,2022-07,2,2022-07-01
VA,Severe Storm,2025-02,36,2025-02-01
VA,Snowstorm,1994-02,72,1994-02-01
VA,Snowstorm,1996-01,136,1996-01-01
VA,Snowstorm,2009-12,50,2009-12-01
VA,Snowstorm,2010-02,38,2010-02-01
VA,Snowstorm,2016-01,30,2016-01-01
VA,Terrorist,2001-09,1,2001-09-01
VA,Tropical Storm,2024-09,37,2024-09-01
VI,Biological,2020-01,3,2020-01-01
VI,Flood,1970-10,2,1970-10-01
VI,Flood,1974-11,3,1974-11-01
VI,Flood,1983-04,2,1983-04-01
VI,Hurricane,1979-09,3,1979-09-01
VI,Hurricane,1984-11,3,1984-11-01
VI,Hurricane,1989-09,3,1989-09-01
VI,Hurricane,1995-09,3,1995-09-01
VI,Hurricane,1996-07,3,1996-07-01
VI,Hurricane,1998-09,3,1998-09-01
VI,Hurricane,1999-11,3,1999-11-01
VI,Hurricane,2004-09,3,2004-09-01
VI,Hurricane,2008-10,3,2008-10-01
VI,Hurricane,2010-08,3,2010-08-01
VI,Hurricane,2017-09,6,2017-09-01
VI,Severe Storm,2003-11,3,2003-11-01
VI,Severe Storm,2010-10,3,2010-10-01
VI,Severe Storm,2010-11,1,2010-11-01
VI,Tropical Storm,2024-08,3,2024-08-01
VT,Biological,2020-01,14,2020-01-01
VT,Flood,1969-08,2,1969-08-01
VT,Flood,1973-07,14,1973-07-01
VT,Flood,1976-08,12,1976-08-01
VT,Flood,1984-06,5,1984-06-01
VT,Flood,1989-08,5,1989-08-01
VT,Flood,1990-07,5,1990-07-01
VT,Flood,1992-03,5,1992-03-01
VT,Flood,1993-04,4,1993-04-01
VT,Flood,1996-01,11,1996-01-01
VT,Flood,1996-06,1,1996-06-01
VT,Flood,1997-07,5,1997-07-01
VT,Flood,2013-05,3,2013-05-01
VT,Flood,2013-06,7,2013-06-01
VT,Flood,2014-04,7,2014-04-01
VT,Flood,2019-04,6,2019-04-01
VT,Flood,2021-07,2,2021-07-01
VT,Flood,2023-07,14,2023-07-01
VT,Flood,2023-08,1,2023-08-01
VT,Flood,2024-07,3,2024-07-01
VT,Flood,2024-08,1,2024-08-01
VT,Hurricane,2011-08,14,2011-08-01
VT,Severe Ice Storm,2008-12,2,2008-12-01
VT,Severe Ice Storm,2013-12,7,2013-12-01
VT,Severe Storm,1995-08,6,1995-08-01
VT,Severe Storm,1998-01,6,1998-01-01
VT,Severe Storm,1998-06,11,1998-06-01
VT,Severe Storm,1999-09,10,1999-09-01
VT,Severe Storm,2000-07,6,2000-07-01
VT,Severe Storm,2000-12,2,2000-12-01
VT,Severe Storm,2002-06,5,2002-06-01
VT,Severe Storm,2003-07,4,2003-07-01
VT,Severe Storm,2004-08,7,2004-08-01
VT,Severe Storm,2007-04,8,2007-04-01
VT,Severe Storm,2007-07,5,2007-07-01
VT,Severe Storm,2008-06,2,2008-06-01
VT,Severe Storm,2008-07,10,2008-07-01
VT,Severe Storm,2010-12,3,2010-12-01
VT,Severe Storm,2011-04,8,2011-04-01
VT,Severe Storm,2011-05,7,2011-05-01
VT,Severe Storm,2012-05,3,2012-05-01
VT,Severe Storm,2014-12,10,2014-12-01
VT,Severe Storm,2015-06,2,2015-06-01
VT,Severe Storm,2017-06,7,2017-06-01
VT,Severe Storm,2017-10,10,2017-10-01
VT,Severe Storm,2018-05,5,2018-05-01
VT,Severe Storm,2019-10,8,2019-10-01
VT,Severe Storm,2022-12,8,2022-12-01
VT,Severe Storm,2023-12,7,2023-12-01
VT,Severe Storm,2024-01,5,2024-01-01
VT,Severe Storm,2024-07,8,2024-07-01
WA,Biological,2020-01,39,2020-01-01
WA,Earthquake,1965-05,6,1965-05-01
WA,Earthquake,2001-02,24,2001-02-01
WA,Fire,1991-10,6,1991-10-01
WA,Fire,2014-07,2,2014-07-01
WA,Fire,2015-08,8,2015-08-01
WA,Fire,2020-09,10,2020-09-01
WA,Fire,2023-08,2,2023-08-01
WA,Fishing Losses,1994-05,6,1994-05-01
WA,Flood,1964-12,21,1964-12-01
WA,Flood,1971-02,7,1971-02-01
WA,Flood,1972-02,9,1972-02-01
WA,Flood,1972-03,3,1972-03-01
WA,Flood,1972-06,3,1972-06-01
WA,Flood,1974-01,13,1974-01-01
WA,Flood,1975-12,12,1975-12-01
WA,Flood,1977-12,18,1977-12-01
WA,Flood,1979-12,9,1979-12-01
WA,Flood,1983-01,1,1983-01-01
WA,Flood,1986-01,3,1986-01-01
WA,Flood,1986-02,1,1986-02-01
WA,Flood,1986-05,1,1986-05-01
WA,Flood,1986-11,7,1986-11-01
WA,Flood,1989-03,4,1989-03-01
WA,Flood,1990-01,7,1990-01-01
WA,Flood,1990-11,19,1990-11-01
WA,Flood,1990-12,10,1990-12-01
WA,Flood,1996-01,24,1996-01-01
WA,Flood,1997-03,13,1997-03-01
WA,Flood,1997-04,1,1997-04-01
WA,Flood,2009-01,23,2009-01-01
WA,Flood,2015-12,10,2015-12-01
WA,Flood,2017-01,15,2017-01-01
WA,Flood,2020-01,15,2020-01-01
WA,Flood,2021-11,7,2021-11-01
WA,Flood,2021-12,15,2021-12-01
WA,Mud/Landslide,1998-03,1,1998-03-01
WA,Mud/Landslide,2014-03,1,2014-03-01
WA,Severe Ice Storm,1996-11,3,1996-11-01
WA,Severe Storm,1993-01,7,1993-01-01
WA,Severe Storm,1995-11,19,1995-11-01
WA,Severe Storm,1996-12,38,1996-12-01
WA,Severe Storm,1998-05,2,1998-05-01
WA,Severe Storm,2003-10,15,2003-10-01
WA,Severe Storm,2006-01,11,2006-01-01
WA,Severe Storm,2006-11,14,2006-11-01
WA,Severe Storm,2006-12,19,2006-12-01
WA,Severe Storm,2007-12,12,2007-12-01
WA,Severe Storm,2008-12,34,2008-12-01
WA,Severe Storm,2011-01,7,2011-01-01
WA,Severe Storm,2012-01,11,2012-01-01
WA,Severe Storm,2012-07,2,2012-07-01
WA,Severe Storm,2015-08,6,2015-08-01
WA,Severe Storm,2015-11,16,2015-11-01
WA,Severe Storm,2018-12,8,2018-12-01
WA,Severe Storm,2020-12,17,2020-12-01
WA,Severe Storm,2022-11,9,2022-11-01
WA,Severe Storm,2024-01,16,2024-01-01
WA,Volcanic Eruption,1980-05,39,1980-05-01
WI,Biological,2020-01,73,2020-01-01
WI,Flood,1969-05,15,1969-05-01
WI,Flood,1969-07,6,1969-07-01
WI,Flood,1972-09,4,1972-09-01
WI,Flood,1973-04,34,1973-04-01
WI,Flood,1976-03,22,1976-03-01
WI,Flood,1980-07,4,1980-07-01
WI,Flood,1986-08,2,1986-08-01
WI,Flood,1986-09,8,1986-09-01
WI,Flood,1990-08,1,1990-08-01
WI,Flood,1992-09,10,1992-09-01
WI,Flood,1996-07,2,1996-07-01
WI,Flood,1999-07,10,1999-07-01
WI,Flood,2001-04,32,2001-04-01
WI,Flood,2016-09,10,2016-09-01
WI,Flood,2018-06,6,2018-06-01
WI,Flood,2018-08,14,2018-08-01
WI,Flood,2019-07,18,2019-07-01
WI,Flood,2020-01,3,2020-01-01
WI,Flood,2025-08,3,2025-08-01
WI,Severe Storm,1975-09,4,1975-09-01
WI,Severe Storm,1978-07,16,1978-07-01
WI,Severe Storm,1990-06,17,1990-06-01
WI,Severe Storm,1991-07,5,1991-07-01
WI,Severe Storm,1993-06,47,1993-06-01
WI,Severe Storm,1997-06,4,1997-06-01
WI,Severe Storm,1998-06,14,1998-06-01
WI,Severe Storm,1998-08,5,1998-08-01
WI,Severe Storm,2000-05,30,2000-05-01
WI,Severe Storm,2002-06,8,2002-06-01
WI,Severe Storm,2004-05,44,2004-05-01
WI,Severe Storm,2007-08,14,2007-08-01
WI,Severe Storm,2008-06,31,2008-06-01
WI,Severe Storm,2010-07,3,2010-07-01
WI,Severe Storm,2010-09,9,2010-09-01
WI,Severe Storm,2012-06,3,2012-06-01
WI,Severe Storm,2013-06,8,2013-06-01
WI,Severe Storm,2016-07,8,2016-07-01
WI,Severe Storm,2017-07,11,2017-07-01
WI,Snowstorm,2011-01,11,2011-01-01
WI,Tornado,1965-04,20,1965-04-01
WI,Tornado,1974-04,4,1974-04-01
WI,Tornado,1984-06,2,1984-06-01
WI,Tornado,1992-06,1,1992-06-01
WI,Tornado,1992-08,1,1992-08-01
WI,Tornado,2002-09,19,2002-09-01
WV,Biological,2020-01,55,2020-01-01
WV,Fire,1996-07,10,1996-07-01
WV,Flood,1967-03,36,1967-03-01
WV,Flood,1969-09,1,1969-09-01
WV,Flood,1972-02,7,1972-02-01
WV,Flood,1972-07,15,1972-07-01
WV,Flood,1972-08,4,1972-08-01
WV,Flood,1974-01,5,1974-01-01
WV,Flood,1974-04,4,1974-04-01
WV,Flood,1975-09,2,1975-09-01
WV,Flood,1977-04,11,1977-04-01
WV,Flood,1978-12,5,1978-12-01
WV,Flood,1980-08,15,1980-08-01
WV,Flood,1984-05,4,1984-05-01
WV,Flood,1985-11,29,1985-11-01
WV,Flood,1996-01,28,1996-01-01
WV,Flood,1996-05,17,1996-05-01
WV,Flood,1997-02,16,1997-02-01
WV,Flood,2000-02,26,2000-02-01
WV,Flood,2010-06,5,2010-06-01
WV,Flood,2013-06,2,2013-06-01
WV,Flood,2015-04,20,2015-04-01
WV,Flood,2016-06,18,2016-06-01
WV,Flood,2019-06,5,2019-06-01
WV,Flood,2021-02,7,2021-02-01
WV,Flood,2022-07,1,2022-07-01
WV,Flood,2023-08,6,2023-08-01
WV,Flood,2024-04,13,2024-04-01
WV,Flood,2025-06,2,2025-06-01
WV,Hurricane,1969-09,3,1969-09-01
WV,Hurricane,2003-09,10,2003-09-01
WV,Hurricane,2012-10,18,2012-10-01
WV,Mud/Landslide,2018-02,21,2018-02-01
WV,Severe Ice Storm,2021-02,5,2021-02-01
WV,Severe Storm,1995-06,3,1995-06-01
WV,Severe Storm,1996-09,10,1996-09-01
WV,Severe Storm,1998-06,21,1998-06-01
WV,Severe Storm,2001-05,24,2001-05-01
WV,Severe Storm,2002-05,8,2002-05-01
WV,Severe Storm,2003-02,49,2003-02-01
WV,Severe Storm,2003-06,20,2003-06-01
WV,Severe Storm,2003-11,34,2003-11-01
WV,Severe Storm,2004-05,24,2004-05-01
WV,Severe Storm,2004-07,4,2004-07-01
WV,Severe Storm,2004-09,22,2004-09-01
WV,Severe Storm,2005-01,6,2005-01-01
WV,Severe Storm,2007-04,18,2007-04-01
WV,Severe Storm,2008-06,18,2008-06-01
WV,Severe Storm,2009-05,11,2009-05-01
WV,Severe Storm,2010-03,6,2010-03-01
WV,Severe Storm,2012-02,11,2012-02-01
WV,Severe Storm,2012-03,3,2012-03-01
WV,Severe Storm,2012-06,47,2012-06-01
WV,Severe Storm,2015-03,32,2015-03-01
WV,Severe Storm,2015-04,6,2015-04-01
WV,Severe Storm,2015-07,9,2015-07-01
WV,Severe Storm,2017-07,12,2017-07-01
WV,Severe Storm,2018-05,7,2018-05-01
WV,Severe Storm,2022-08,1,2022-08-01
WV,Severe Storm,2024-04,15,2024-04-01
WV,Severe Storm,2025-02,12,2025-02-01
WV,Snowstorm,1996-01,55,1996-01-01
WV,Snowstorm,2009-12,18,2009-12-01
WV,Snowstorm,2010-02,20,2010-02-01
WV,Tropical Storm,2024-09,1,2024-09-01
WY,Biological,2020-01,23,2020-01-01
WY,Fire,2024-08,2,2024-08-01
WY,Flood,1978-05,12,1978-05-01
WY,Flood,1985-08,1,1985-08-01
WY,Flood,2010-06,2,2010-06-01
WY,Flood,2015-05,4,2015-05-01
WY,Flood,2017-06,3,2017-06-01
WY,Flood,2023-06,1,2023-06-01
WY,Severe Ice Storm,1998-10,2,1998-10-01
WY,Severe Storm,2000-10,4,2000-10-01
WY,Severe Storm,2011-05,15,2011-05-01
WY,Severe Storm,2017-02,1,2017-02-01
WY,Tornado,1979-07,1,1979-07-01
WY,Tornado,2005-08,1,2005-08-01
